img_path,label,result
/home/takagi/data/hcc_data_original/NED_Liv_0077_002_HE_ - 2011-06-17 00.31.54_006.bmp,0,0.5155393
/home/takagi/data/hcc_data_original/NED_Liv_0124_001_HE - 2011-07-09 11.51.49_003.bmp,0,0.51271087
/home/takagi/data/hcc_data_original/NED_Liv_0077_001_HE_ - 2011-06-21 01.46.18_009.bmp,0,0.56084126
/home/takagi/data/hcc_data_original/NED_Liv_0064_001_HE_ - 2011-06-16 22.36.57_005.bmp,0,0.47047743
/home/takagi/data/hcc_data_original/NED_Liv_0024_001_HE_ - 2011-06-21 03.22.18_002.bmp,0,0.47333723
/home/takagi/data/hcc_data_original/NED_Liv_0131_001_HE - 2011-07-09 12.32.16_003.bmp,0,0.5314392
/home/takagi/data/hcc_data_original/NED_Liv_0080_001_HE_ - 2011-06-17 00.50.43_005.bmp,0,0.5123279
/home/takagi/data/hcc_data_original/NED_Liv_0077_001_HE_ - 2011-06-21 01.46.18_007.bmp,0,0.50180554
/home/takagi/data/hcc_data_original/NED_Liv_0043_001_HE_ - 2011-06-21 05.21.41_004.bmp,0,0.58516383
/home/takagi/data/hcc_data_original/NED_Liv_0073_001_HE_ - 2011-06-16 23.52.18_005.bmp,0,0.48530996
/home/takagi/data/hcc_data_original/NED_Liv_0131_001_HE - 2011-07-09 12.32.16_002.bmp,0,0.51553404
/home/takagi/data/hcc_data_original/NED_Liv_0030_001_HE_ - 2011-06-21 03.54.39_006.bmp,0,0.5363476
/home/takagi/data/hcc_data_original/NED_Liv_0034_002_HE_ - 2011-06-21 04.21.28_007.bmp,0,0.54641336
/home/takagi/data/hcc_data_original/NED_Liv_0122_001_HE - 2011-07-09 12.37.26_006.bmp,0,0.5273006
/home/takagi/data/hcc_data_original/NED_Liv_0124_001_HE - 2011-07-09 11.51.49_005.bmp,0,0.4723672
/home/takagi/data/hcc_data_original/NED_Liv_0079_001_HE_ - 2011-06-17 00.45.15_006.bmp,0,0.57946885
/home/takagi/data/hcc_data_original/NED_Liv_0122_001_HE - 2011-07-09 12.37.26_005.bmp,0,0.48675644
/home/takagi/data/hcc_data_original/NED_Liv_0073_001_HE_ - 2011-06-16 23.52.18_007.bmp,0,0.5155096
/home/takagi/data/hcc_data_original/NED_Liv_0025_001_HE_ - 2011-06-21 03.32.33_007.bmp,0,0.47228977
/home/takagi/data/hcc_data_original/NED_Liv_0122_001_HE - 2011-07-09 12.37.26_004.bmp,0,0.4923932
/home/takagi/data/hcc_data_original/NED_Liv_0057_001_HE_ - 2011-06-16 21.01.29_006.bmp,0,0.52067417
/home/takagi/data/hcc_data_original/NED_Liv_0043_001_HE_ - 2011-06-21 05.21.41_005.bmp,0,0.59263146
/home/takagi/data/hcc_data_original/NED_Liv_0024_002_HE_ - 2011-06-21 03.26.55_010.bmp,0,0.5063334
/home/takagi/data/hcc_data_original/NED_Liv_0016_001_HE_ - 2011-06-24 18.45.39_004.bmp,0,0.49847817
/home/takagi/data/hcc_data_original/NED_Liv_0034_001_HE_ - 2011-06-21 04.16.00_006.bmp,0,0.53557086
/home/takagi/data/hcc_data_original/NED_Liv_0025_001_HE_ - 2011-06-21 03.32.33_005.bmp,0,0.41118145
/home/takagi/data/hcc_data_original/NED_Liv_0124_001_HE - 2011-07-09 11.51.49_001.bmp,0,0.44788516
/home/takagi/data/hcc_data_original/NED_Liv_0077_002_HE_ - 2011-06-17 00.31.54_008.bmp,0,0.4936661
/home/takagi/data/hcc_data_original/NED_Liv_0030_001_HE_ - 2011-06-21 03.54.39_005.bmp,0,0.5776161
/home/takagi/data/hcc_data_original/NED_Liv_0038_001_HE_ - 2011-06-21 04.42.09_004.bmp,0,0.5422759
/home/takagi/data/hcc_data_original/NED_Liv_0079_001_HE_ - 2011-06-17 00.45.15_007.bmp,0,0.6068781
/home/takagi/data/hcc_data_original/NED_Liv_0016_001_HE_ - 2011-06-24 18.45.39_003.bmp,0,0.52576494
/home/takagi/data/hcc_data_original/NED_Liv_0064_001_HE_ - 2011-06-16 22.36.57_007.bmp,0,0.47219348
/home/takagi/data/hcc_data_original/NED_Liv_0086_001_HE_ - 2011-06-17 01.12.56_008.bmp,0,0.5505829
/home/takagi/data/hcc_data_original/NED_Liv_0124_001_HE - 2011-07-09 11.51.49_004.bmp,0,0.56164986
/home/takagi/data/hcc_data_original/NED_Liv_0131_001_HE - 2011-07-09 12.32.16_004.bmp,0,0.4972584
/home/takagi/data/hcc_data_original/NED_Liv_0016_001_HE_ - 2011-06-24 18.45.39_005.bmp,0,0.5320138
/home/takagi/data/hcc_data_original/NED_Liv_0034_002_HE_ - 2011-06-21 04.21.28_006.bmp,0,0.52545005
/home/takagi/data/hcc_data_original/NED_Liv_0080_001_HE_ - 2011-06-17 00.50.43_006.bmp,0,0.5055374
/home/takagi/data/hcc_data_original/NED_Liv_0086_001_HE_ - 2011-06-17 01.12.56_007.bmp,0,0.52619296
/home/takagi/data/hcc_data_original/NED_Liv_0086_001_HE_ - 2011-06-17 01.12.56_009.bmp,0,0.46125412
/home/takagi/data/hcc_data_original/NED_Liv_0024_002_HE_ - 2011-06-21 03.26.55_005.bmp,0,0.47809026
/home/takagi/data/hcc_data_original/NED_Liv_0043_001_HE_ - 2011-06-21 05.21.41_006.bmp,0,0.52125525
/home/takagi/data/hcc_data_original/NED_Liv_0034_002_HE_ - 2011-06-21 04.21.28_008.bmp,0,0.5045788
/home/takagi/data/hcc_data_original/NED_Liv_0079_001_HE_ - 2011-06-17 00.45.15_004.bmp,0,0.5383251
/home/takagi/data/hcc_data_original/NED_Liv_0038_001_HE_ - 2011-06-21 04.42.09_006.bmp,0,0.49503937
/home/takagi/data/hcc_data_original/NED_Liv_0024_002_HE_ - 2011-06-21 03.26.55_006.bmp,0,0.4499297
/home/takagi/data/hcc_data_original/NED_Liv_0077_002_HE_ - 2011-06-17 00.31.54_007.bmp,0,0.54901934
/home/takagi/data/hcc_data_original/NED_Liv_0034_001_HE_ - 2011-06-21 04.16.00_003.bmp,0,0.5091445
/home/takagi/data/hcc_data_original/NED_Liv_0057_001_HE_ - 2011-06-16 21.01.29_005.bmp,0,0.5553458
/home/takagi/data/hcc_data_original/NED_Liv_0131_001_HE - 2011-07-09 12.32.16_006.bmp,0,0.46209332
/home/takagi/data/hcc_data_original/NED_Liv_0024_001_HE_ - 2011-06-21 03.22.18_003.bmp,0,0.47928023
/home/takagi/data/hcc_data_original/NED_Liv_0025_001_HE_ - 2011-06-21 03.32.33_006.bmp,0,0.37930232
/home/takagi/data/hcc_data_original/NED_Liv_0034_002_HE_ - 2011-06-21 04.21.28_005.bmp,0,0.5426322
/home/takagi/data/hcc_data_original/NED_Liv_0077_001_HE_ - 2011-06-21 01.46.18_008.bmp,0,0.523529
/home/takagi/data/hcc_data_original/NED_Liv_0038_001_HE_ - 2011-06-21 04.42.09_005.bmp,0,0.42526528
/home/takagi/data/hcc_data_original/NED_Liv_0077_002_HE_ - 2011-06-17 00.31.54_005.bmp,0,0.5144215
/home/takagi/data/hcc_data_original/NED_Liv_0080_001_HE_ - 2011-06-17 00.50.43_007.bmp,0,0.4851238
/home/takagi/data/hcc_data_original/NED_Liv_0034_001_HE_ - 2011-06-21 04.16.00_004.bmp,0,0.52819824
/home/takagi/data/hcc_data_original/NED_Liv_0057_001_HE_ - 2011-06-16 21.01.29_004.bmp,0,0.46929145
/home/takagi/data/hcc_data_original/NED_Liv_0077_001_HE_ - 2011-06-21 01.46.18_006.bmp,0,0.5107829
/home/takagi/data/hcc_data_original/NED_Liv_0024_002_HE_ - 2011-06-21 03.26.55_011.bmp,0,0.49450427
/home/takagi/data/hcc_data_original/NED_Liv_0064_001_HE_ - 2011-06-16 22.36.57_006.bmp,0,0.42567915
/home/takagi/data/hcc_data_original/NED_Liv_0122_001_HE - 2011-07-09 12.37.26_003.bmp,0,0.4598314
/home/takagi/data/hcc_data_original/NED_Liv_0086_001_HE_ - 2011-06-17 01.12.56_006.bmp,0,0.5348649
/home/takagi/data/hcc_data_original/NED_Liv_0073_001_HE_ - 2011-06-16 23.52.18_006.bmp,0,0.51066136
/home/takagi/data/hcc_data_original/NED_Liv_0079_001_HE_ - 2011-06-17 00.45.15_005.bmp,0,0.5772558
/home/takagi/data/hcc_data_original/NED_Liv_0086_001_HE_ - 2011-06-17 01.12.56_010.bmp,0,0.43496603
/home/takagi/data/hcc_data_original/NED_Liv_0030_001_HE_ - 2011-06-21 03.54.39_004.bmp,0,0.55144256
/home/takagi/data/hcc_data_original/NED_Liv_0122_001_HE - 2011-07-09 12.37.26_002.bmp,0,0.49474046
/home/takagi/data/hcc_data_original/NED_Liv_0034_001_HE_ - 2011-06-21 04.16.00_005.bmp,0,0.5558112
/home/takagi/data/hcc_data_original/NED_Liv_0131_001_HE - 2011-07-09 12.32.16_007.bmp,0,0.5057474
/home/takagi/data/hcc_data_original/NED_Liv_0024_002_HE_ - 2011-06-21 03.26.55_007.bmp,1,0.5161763
/home/takagi/data/hcc_data_original/NED_Liv_0079_001_HE_ - 2011-06-17 00.45.15_001.bmp,1,0.43107173
/home/takagi/data/hcc_data_original/NED_Liv_0032_001_HE_ - 2011-06-21 04.06.16_004.bmp,1,0.40960205
/home/takagi/data/hcc_data_original/NED_Liv_0043_001_HE_ - 2011-06-21 05.21.41_002.bmp,1,0.4795409
/home/takagi/data/hcc_data_original/NED_Liv_0131_001_HE - 2011-07-09 12.32.16_001.bmp,1,0.3732991
/home/takagi/data/hcc_data_original/NED_Liv_0086_001_HE_ - 2011-06-17 01.12.56_002.bmp,1,0.41597804
/home/takagi/data/hcc_data_original/NED_Liv_0086_001_HE_ - 2011-06-17 01.12.56_003.bmp,1,0.40802443
/home/takagi/data/hcc_data_original/NED_Liv_0034_001_HE_ - 2011-06-21 04.16.00_001.bmp,1,0.34007898
/home/takagi/data/hcc_data_original/NED_Liv_0024_002_HE_ - 2011-06-21 03.26.55_008.bmp,1,0.51633716
/home/takagi/data/hcc_data_original/NED_Liv_0034_002_HE_ - 2011-06-21 04.21.28_002.bmp,1,0.44926095
/home/takagi/data/hcc_data_original/NED_Liv_0057_001_HE_ - 2011-06-16 21.01.29_002.bmp,1,0.5465395
/home/takagi/data/hcc_data_original/NED_Liv_0080_001_HE_ - 2011-06-17 00.50.43_002.bmp,1,0.5420509
/home/takagi/data/hcc_data_original/NED_Liv_0034_002_HE_ - 2011-06-21 04.21.28_001.bmp,1,0.4742915
/home/takagi/data/hcc_data_original/NED_Liv_0024_001_HE_ - 2011-06-21 03.22.18_001.bmp,1,0.42776382
/home/takagi/data/hcc_data_original/NED_Liv_0032_001_HE_ - 2011-06-21 04.06.16_002.bmp,1,0.41361156
/home/takagi/data/hcc_data_original/NED_Liv_0086_001_HE_ - 2011-06-17 01.12.56_001.bmp,1,0.43667093
/home/takagi/data/hcc_data_original/NED_Liv_0030_001_HE_ - 2011-06-21 03.54.39_002.bmp,1,0.4541086
/home/takagi/data/hcc_data_original/NED_Liv_0024_002_HE_ - 2011-06-21 03.26.55_004.bmp,1,0.52936405
/home/takagi/data/hcc_data_original/NED_Liv_0131_001_HE - 2011-07-09 12.32.16_008.bmp,1,0.47546616
/home/takagi/data/hcc_data_original/NED_Liv_0025_001_HE_ - 2011-06-21 03.32.33_004.bmp,1,0.42727217
/home/takagi/data/hcc_data_original/NED_Liv_0077_002_HE_ - 2011-06-17 00.31.54_002.bmp,1,0.5380995
/home/takagi/data/hcc_data_original/NED_Liv_0024_002_HE_ - 2011-06-21 03.26.55_003.bmp,1,0.52737135
/home/takagi/data/hcc_data_original/NED_Liv_0057_001_HE_ - 2011-06-16 21.01.29_001.bmp,1,0.5003618
/home/takagi/data/hcc_data_original/NED_Liv_0064_001_HE_ - 2011-06-16 22.36.57_003.bmp,1,0.3170147
/home/takagi/data/hcc_data_original/NED_Liv_0064_001_HE_ - 2011-06-16 22.36.57_002.bmp,1,0.41269544
/home/takagi/data/hcc_data_original/NED_Liv_0030_001_HE_ - 2011-06-21 03.54.39_003.bmp,1,0.5035151
/home/takagi/data/hcc_data_original/NED_Liv_0077_002_HE_ - 2011-06-17 00.31.54_001.bmp,1,0.4947627
/home/takagi/data/hcc_data_original/NED_Liv_0030_001_HE_ - 2011-06-21 03.54.39_001.bmp,1,0.5180102
/home/takagi/data/hcc_data_original/NED_Liv_0086_001_HE_ - 2011-06-17 01.12.56_004.bmp,1,0.49114066
/home/takagi/data/hcc_data_original/NED_Liv_0016_001_HE_ - 2011-06-24 18.45.39_001.bmp,1,0.3178425
/home/takagi/data/hcc_data_original/NED_Liv_0122_001_HE - 2011-07-09 12.37.26_001.bmp,1,0.47026756
/home/takagi/data/hcc_data_original/NED_Liv_0034_001_HE_ - 2011-06-21 04.16.00_007.bmp,1,0.44934702
/home/takagi/data/hcc_data_original/NED_Liv_0077_001_HE_ - 2011-06-21 01.46.18_005.bmp,1,0.46987727
/home/takagi/data/hcc_data_original/NED_Liv_0038_001_HE_ - 2011-06-21 04.42.09_001.bmp,1,0.49446297
/home/takagi/data/hcc_data_original/NED_Liv_0073_001_HE_ - 2011-06-16 23.52.18_001.bmp,1,0.5317827
/home/takagi/data/hcc_data_original/NED_Liv_0124_001_HE - 2011-07-09 11.51.49_002.bmp,1,0.51339036
/home/takagi/data/hcc_data_original/NED_Liv_0077_002_HE_ - 2011-06-17 00.31.54_004.bmp,1,0.509738
/home/takagi/data/hcc_data_original/NED_Liv_0025_001_HE_ - 2011-06-21 03.32.33_002.bmp,1,0.40039578
/home/takagi/data/hcc_data_original/NED_Liv_0080_001_HE_ - 2011-06-17 00.50.43_001.bmp,1,0.5200889
/home/takagi/data/hcc_data_original/NED_Liv_0073_001_HE_ - 2011-06-16 23.52.18_002.bmp,1,0.5367527
/home/takagi/data/hcc_data_original/NED_Liv_0016_001_HE_ - 2011-06-24 18.45.39_002.bmp,1,0.41481856
/home/takagi/data/hcc_data_original/NED_Liv_0016_001_HE_ - 2011-06-24 18.45.39_006.bmp,1,0.3878393
/home/takagi/data/hcc_data_original/NED_Liv_0077_001_HE_ - 2011-06-21 01.46.18_004.bmp,1,0.46351072
/home/takagi/data/hcc_data_original/NED_Liv_0077_001_HE_ - 2011-06-21 01.46.18_001.bmp,1,0.5171391
/home/takagi/data/hcc_data_original/NED_Liv_0080_001_HE_ - 2011-06-17 00.50.43_004.bmp,1,0.50920725
/home/takagi/data/hcc_data_original/NED_Liv_0043_001_HE_ - 2011-06-21 05.21.41_001.bmp,1,0.48705417
/home/takagi/data/hcc_data_original/NED_Liv_0032_001_HE_ - 2011-06-21 04.06.16_001.bmp,1,0.3913194
/home/takagi/data/hcc_data_original/NED_Liv_0024_002_HE_ - 2011-06-21 03.26.55_002.bmp,1,0.46365693
/home/takagi/data/hcc_data_original/NED_Liv_0034_001_HE_ - 2011-06-21 04.16.00_002.bmp,1,0.38229564
/home/takagi/data/hcc_data_original/NED_Liv_0122_001_HE - 2011-07-09 12.37.26_007.bmp,1,0.42178375
/home/takagi/data/hcc_data_original/NED_Liv_0079_001_HE_ - 2011-06-17 00.45.15_003.bmp,1,0.5071245
/home/takagi/data/hcc_data_original/NED_Liv_0057_001_HE_ - 2011-06-16 21.01.29_003.bmp,1,0.5382664
/home/takagi/data/hcc_data_original/NED_Liv_0131_001_HE - 2011-07-09 12.32.16_005.bmp,1,0.46936712
/home/takagi/data/hcc_data_original/NED_Liv_0077_002_HE_ - 2011-06-17 00.31.54_003.bmp,1,0.3819818
/home/takagi/data/hcc_data_original/NED_Liv_0024_002_HE_ - 2011-06-21 03.26.55_009.bmp,1,0.4874621
/home/takagi/data/hcc_data_original/NED_Liv_0079_001_HE_ - 2011-06-17 00.45.15_002.bmp,1,0.47149578
/home/takagi/data/hcc_data_original/NED_Liv_0073_001_HE_ - 2011-06-16 23.52.18_003.bmp,1,0.48219925
/home/takagi/data/hcc_data_original/NED_Liv_0025_001_HE_ - 2011-06-21 03.32.33_008.bmp,1,0.52625555
/home/takagi/data/hcc_data_original/NED_Liv_0073_001_HE_ - 2011-06-16 23.52.18_004.bmp,1,0.49558747
/home/takagi/data/hcc_data_original/NED_Liv_0034_002_HE_ - 2011-06-21 04.21.28_004.bmp,1,0.39731473
/home/takagi/data/hcc_data_original/NED_Liv_0038_001_HE_ - 2011-06-21 04.42.09_003.bmp,1,0.49780196
/home/takagi/data/hcc_data_original/NED_Liv_0064_001_HE_ - 2011-06-16 22.36.57_004.bmp,1,0.34175798
/home/takagi/data/hcc_data_original/NED_Liv_0038_001_HE_ - 2011-06-21 04.42.09_002.bmp,1,0.49856752
/home/takagi/data/hcc_data_original/NED_Liv_0077_001_HE_ - 2011-06-21 01.46.18_002.bmp,1,0.52482295
/home/takagi/data/hcc_data_original/NED_Liv_0032_001_HE_ - 2011-06-21 04.06.16_003.bmp,1,0.52309805
/home/takagi/data/hcc_data_original/NED_Liv_0080_001_HE_ - 2011-06-17 00.50.43_003.bmp,1,0.533696
/home/takagi/data/hcc_data_original/NED_Liv_0086_001_HE_ - 2011-06-17 01.12.56_005.bmp,1,0.37210017
/home/takagi/data/hcc_data_original/NED_Liv_0024_002_HE_ - 2011-06-21 03.26.55_001.bmp,1,0.48330855
/home/takagi/data/hcc_data_original/NED_Liv_0077_001_HE_ - 2011-06-21 01.46.18_003.bmp,1,0.4085064
/home/takagi/data/hcc_data_original/NED_Liv_0034_002_HE_ - 2011-06-21 04.21.28_003.bmp,1,0.4601458
/home/takagi/data/hcc_data_original/NED_Liv_0025_001_HE_ - 2011-06-21 03.32.33_001.bmp,1,0.37842345
/home/takagi/data/hcc_data_original/NED_Liv_0064_001_HE_ - 2011-06-16 22.36.57_001.bmp,1,0.389531
/home/takagi/data/hcc_data_original/NED_Liv_0025_001_HE_ - 2011-06-21 03.32.33_003.bmp,1,0.38438284
/home/takagi/data/hcc_data_original/NED_Liv_0043_001_HE_ - 2011-06-21 05.21.41_003.bmp,1,0.48186955
/home/takagi/data/hcc_data_original/NED_Liv_0010_001_HE_ - 2011-06-24 18.39.09_005.bmp,0,0.49805126
/home/takagi/data/hcc_data_original/NED_Liv_0059_001_HE_ - 2011-06-16 22.01.19_007.bmp,0,0.4896106
/home/takagi/data/hcc_data_original/NED_Liv_0013_001_HE_ - 2011-06-21 02.33.51_004.bmp,0,0.5331198
/home/takagi/data/hcc_data_original/NED_Liv_0084_001_HE_ - 2011-06-17 01.01.15_004.bmp,0,0.5477838
/home/takagi/data/hcc_data_original/NED_Liv_0039_001_HE_ - 2011-06-21 04.47.49_005.bmp,0,0.55343795
/home/takagi/data/hcc_data_original/NED_Liv_0029_001_HE_ - 2011-06-21 03.49.12_006.bmp,0,0.59128964
/home/takagi/data/hcc_data_original/NED_Liv_0106_001_HE_ - 2011-06-21 01.29.55_005.bmp,0,0.51378644
/home/takagi/data/hcc_data_original/NED_Liv_0106_001_HE_ - 2011-06-21 01.29.55_007.bmp,0,0.47998917
/home/takagi/data/hcc_data_original/NED_Liv_0128_001_HE - 2011-07-09 12.14.30_005.bmp,0,0.5548606
/home/takagi/data/hcc_data_original/NED_Liv_0039_001_HE_ - 2011-06-21 04.47.49_004.bmp,0,0.5380822
/home/takagi/data/hcc_data_original/NED_Liv_0129_001_HE - 2011-07-09 12.19.48_009.bmp,0,0.5407039
/home/takagi/data/hcc_data_original/NED_Liv_0062_001_HE_ - 2011-06-16 22.23.39_007.bmp,0,0.5441565
/home/takagi/data/hcc_data_original/NED_Liv_0075_001_HE_ - 2011-06-17 00.05.25_005.bmp,0,0.5254536
/home/takagi/data/hcc_data_original/NED_Liv_0091_001_HE_ - 2011-06-17 02.00.21_007.bmp,0,0.5200212
/home/takagi/data/hcc_data_original/NED_Liv_0128_001_HE - 2011-07-09 12.14.30_007.bmp,0,0.5505856
/home/takagi/data/hcc_data_original/NED_Liv_0106_001_HE_ - 2011-06-21 01.29.55_006.bmp,0,0.5474352
/home/takagi/data/hcc_data_original/NED_Liv_0084_001_HE_ - 2011-06-17 01.01.15_005.bmp,0,0.51397246
/home/takagi/data/hcc_data_original/NED_Liv_0072_001_HE_ - 2011-06-16 23.45.28_008.bmp,0,0.51141083
/home/takagi/data/hcc_data_original/NED_Liv_0045_001_HE_ - 2011-06-21 05.32.07_006.bmp,0,0.56339055
/home/takagi/data/hcc_data_original/NED_Liv_0129_001_HE - 2011-07-09 12.19.48_007.bmp,0,0.5553103
/home/takagi/data/hcc_data_original/NED_Liv_0051_001_HE_ - 2011-06-16 20.26.06_007.bmp,0,0.50294167
/home/takagi/data/hcc_data_original/NED_Liv_0059_001_HE_ - 2011-06-16 22.01.19_006.bmp,0,0.5760142
/home/takagi/data/hcc_data_original/NED_Liv_0123_001_HE - 2011-07-09 11.45.43_007.bmp,0,0.5067642
/home/takagi/data/hcc_data_original/NED_Liv_0129_001_HE - 2011-07-09 12.19.48_008.bmp,0,0.5276911
/home/takagi/data/hcc_data_original/NED_Liv_0051_001_HE_ - 2011-06-16 20.26.06_006.bmp,0,0.54161716
/home/takagi/data/hcc_data_original/NED_Liv_0129_001_HE - 2011-07-09 12.19.48_010.bmp,0,0.5919844
/home/takagi/data/hcc_data_original/NED_Liv_0091_001_HE_ - 2011-06-17 02.00.21_008.bmp,0,0.5124963
/home/takagi/data/hcc_data_original/NED_Liv_0045_001_HE_ - 2011-06-21 05.32.07_005.bmp,0,0.52161694
/home/takagi/data/hcc_data_original/NED_Liv_0010_001_HE_ - 2011-06-24 18.39.09_006.bmp,0,0.5349124
/home/takagi/data/hcc_data_original/NED_Liv_0095_001_HE_ - 2011-06-20 21.53.19_008.bmp,0,0.53117734
/home/takagi/data/hcc_data_original/NED_Liv_0051_001_HE_ - 2011-06-16 20.26.06_005.bmp,0,0.5819785
/home/takagi/data/hcc_data_original/NED_Liv_0128_001_HE - 2011-07-09 12.14.30_004.bmp,0,0.5914892
/home/takagi/data/hcc_data_original/NED_Liv_0075_001_HE_ - 2011-06-17 00.05.25_006.bmp,0,0.5293445
/home/takagi/data/hcc_data_original/NED_Liv_0123_001_HE - 2011-07-09 11.45.43_006.bmp,0,0.53906614
/home/takagi/data/hcc_data_original/NED_Liv_0069_001_HE_ - 2011-06-21 01.40.13_007.bmp,0,0.57798463
/home/takagi/data/hcc_data_original/NED_Liv_0062_001_HE_ - 2011-06-16 22.23.39_006.bmp,0,0.4928266
/home/takagi/data/hcc_data_original/NED_Liv_0013_001_HE_ - 2011-06-21 02.33.51_006.bmp,0,0.5681945
/home/takagi/data/hcc_data_original/NED_Liv_0072_001_HE_ - 2011-06-16 23.45.28_007.bmp,0,0.52428454
/home/takagi/data/hcc_data_original/NED_Liv_0072_001_HE_ - 2011-06-16 23.45.28_005.bmp,0,0.5001262
/home/takagi/data/hcc_data_original/NED_Liv_0128_001_HE - 2011-07-09 12.14.30_006.bmp,0,0.5213942
/home/takagi/data/hcc_data_original/NED_Liv_0069_001_HE_ - 2011-06-21 01.40.13_005.bmp,0,0.48713788
/home/takagi/data/hcc_data_original/NED_Liv_0051_001_HE_ - 2011-06-16 20.26.06_008.bmp,0,0.49968258
/home/takagi/data/hcc_data_original/NED_Liv_0129_001_HE - 2011-07-09 12.19.48_006.bmp,0,0.62752044
/home/takagi/data/hcc_data_original/NED_Liv_0084_001_HE_ - 2011-06-17 01.01.15_007.bmp,0,0.55176854
/home/takagi/data/hcc_data_original/NED_Liv_0029_001_HE_ - 2011-06-21 03.49.12_007.bmp,0,0.60547006
/home/takagi/data/hcc_data_original/NED_Liv_0013_001_HE_ - 2011-06-21 02.33.51_005.bmp,0,0.51752585
/home/takagi/data/hcc_data_original/NED_Liv_0069_001_HE_ - 2011-06-21 01.40.13_006.bmp,0,0.45865643
/home/takagi/data/hcc_data_original/NED_Liv_0059_001_HE_ - 2011-06-16 22.01.19_008.bmp,0,0.56218505
/home/takagi/data/hcc_data_original/NED_Liv_0075_001_HE_ - 2011-06-17 00.05.25_004.bmp,0,0.5786528
/home/takagi/data/hcc_data_original/NED_Liv_0106_001_HE_ - 2011-06-21 01.29.55_002.bmp,0,0.49796656
/home/takagi/data/hcc_data_original/NED_Liv_0106_001_HE_ - 2011-06-21 01.29.55_003.bmp,0,0.5372653
/home/takagi/data/hcc_data_original/NED_Liv_0085_001_HE_ - 2011-06-17 01.07.23_006.bmp,0,0.58852065
/home/takagi/data/hcc_data_original/NED_Liv_0091_001_HE_ - 2011-06-17 02.00.21_006.bmp,0,0.51184595
/home/takagi/data/hcc_data_original/NED_Liv_0085_001_HE_ - 2011-06-17 01.07.23_007.bmp,0,0.55905324
/home/takagi/data/hcc_data_original/NED_Liv_0084_001_HE_ - 2011-06-17 01.01.15_006.bmp,0,0.5259226
/home/takagi/data/hcc_data_original/NED_Liv_0039_001_HE_ - 2011-06-21 04.47.49_007.bmp,0,0.5491131
/home/takagi/data/hcc_data_original/NED_Liv_0010_001_HE_ - 2011-06-24 18.39.09_007.bmp,0,0.52457666
/home/takagi/data/hcc_data_original/NED_Liv_0106_001_HE_ - 2011-06-21 01.29.55_004.bmp,0,0.48192656
/home/takagi/data/hcc_data_original/NED_Liv_0123_001_HE - 2011-07-09 11.45.43_004.bmp,0,0.56954724
/home/takagi/data/hcc_data_original/NED_Liv_0072_001_HE_ - 2011-06-16 23.45.28_006.bmp,0,0.52354735
/home/takagi/data/hcc_data_original/NED_Liv_0029_001_HE_ - 2011-06-21 03.49.12_004.bmp,0,0.5210484
/home/takagi/data/hcc_data_original/NED_Liv_0029_001_HE_ - 2011-06-21 03.49.12_005.bmp,0,0.49226514
/home/takagi/data/hcc_data_original/NED_Liv_0123_001_HE - 2011-07-09 11.45.43_005.bmp,0,0.54005295
/home/takagi/data/hcc_data_original/NED_Liv_0045_001_HE_ - 2011-06-21 05.32.07_004.bmp,0,0.53159624
/home/takagi/data/hcc_data_original/NED_Liv_0085_001_HE_ - 2011-06-17 01.07.23_008.bmp,0,0.5304583
/home/takagi/data/hcc_data_original/NED_Liv_0039_001_HE_ - 2011-06-21 04.47.49_006.bmp,0,0.5263529
/home/takagi/data/hcc_data_original/NED_Liv_0085_001_HE_ - 2011-06-17 01.07.23_009.bmp,0,0.54538643
/home/takagi/data/hcc_data_original/NED_Liv_0123_001_HE - 2011-07-09 11.45.43_008.bmp,0,0.5276011
/home/takagi/data/hcc_data_original/NED_Liv_0123_001_HE - 2011-07-09 11.45.43_002.bmp,0,0.5130986
/home/takagi/data/hcc_data_original/NED_Liv_0085_001_HE_ - 2011-06-17 01.07.23_005.bmp,1,0.48359507
/home/takagi/data/hcc_data_original/NED_Liv_0013_001_HE_ - 2011-06-21 02.33.51_002.bmp,1,0.46219477
/home/takagi/data/hcc_data_original/NED_Liv_0069_001_HE_ - 2011-06-21 01.40.13_004.bmp,1,0.42263037
/home/takagi/data/hcc_data_original/NED_Liv_0059_001_HE_ - 2011-06-16 22.01.19_005.bmp,1,0.4965716
/home/takagi/data/hcc_data_original/NED_Liv_0084_001_HE_ - 2011-06-17 01.01.15_002.bmp,1,0.42899823
/home/takagi/data/hcc_data_original/NED_Liv_0045_001_HE_ - 2011-06-21 05.32.07_003.bmp,1,0.4711543
/home/takagi/data/hcc_data_original/NED_Liv_0129_001_HE - 2011-07-09 12.19.48_002.bmp,1,0.44463158
/home/takagi/data/hcc_data_original/NED_Liv_0069_001_HE_ - 2011-06-21 01.40.13_003.bmp,1,0.41066962
/home/takagi/data/hcc_data_original/NED_Liv_0029_001_HE_ - 2011-06-21 03.49.12_002.bmp,1,0.5010482
/home/takagi/data/hcc_data_original/NED_Liv_0095_001_HE_ - 2011-06-20 21.53.19_002.bmp,1,0.38592985
/home/takagi/data/hcc_data_original/NED_Liv_0091_001_HE_ - 2011-06-17 02.00.21_005.bmp,1,0.36234844
/home/takagi/data/hcc_data_original/NED_Liv_0062_001_HE_ - 2011-06-16 22.23.39_003.bmp,1,0.44123706
/home/takagi/data/hcc_data_original/NED_Liv_0062_001_HE_ - 2011-06-16 22.23.39_005.bmp,1,0.4110798
/home/takagi/data/hcc_data_original/NED_Liv_0072_001_HE_ - 2011-06-16 23.45.28_001.bmp,1,0.5091499
/home/takagi/data/hcc_data_original/NED_Liv_0051_001_HE_ - 2011-06-16 20.26.06_001.bmp,1,0.55694604
/home/takagi/data/hcc_data_original/NED_Liv_0075_001_HE_ - 2011-06-17 00.05.25_001.bmp,1,0.4358672
/home/takagi/data/hcc_data_original/NED_Liv_0039_001_HE_ - 2011-06-21 04.47.49_001.bmp,1,0.4570419
/home/takagi/data/hcc_data_original/NED_Liv_0085_001_HE_ - 2011-06-17 01.07.23_004.bmp,1,0.31311524
/home/takagi/data/hcc_data_original/NED_Liv_0029_001_HE_ - 2011-06-21 03.49.12_003.bmp,1,0.5135971
/home/takagi/data/hcc_data_original/NED_Liv_0013_001_HE_ - 2011-06-21 02.33.51_007.bmp,1,0.50639284
/home/takagi/data/hcc_data_original/NED_Liv_0095_001_HE_ - 2011-06-20 21.53.19_001.bmp,1,0.39533105
/home/takagi/data/hcc_data_original/NED_Liv_0069_001_HE_ - 2011-06-21 01.40.13_001.bmp,1,0.38735545
/home/takagi/data/hcc_data_original/NED_Liv_0045_001_HE_ - 2011-06-21 05.32.07_002.bmp,1,0.40821737
/home/takagi/data/hcc_data_original/NED_Liv_0123_001_HE - 2011-07-09 11.45.43_009.bmp,1,0.4785013
/home/takagi/data/hcc_data_original/NED_Liv_0129_001_HE - 2011-07-09 12.19.48_003.bmp,1,0.5231148
/home/takagi/data/hcc_data_original/NED_Liv_0123_001_HE - 2011-07-09 11.45.43_003.bmp,1,0.5376074
/home/takagi/data/hcc_data_original/NED_Liv_0129_001_HE - 2011-07-09 12.19.48_001.bmp,1,0.4751697
/home/takagi/data/hcc_data_original/NED_Liv_0062_001_HE_ - 2011-06-16 22.23.39_001.bmp,1,0.5447441
/home/takagi/data/hcc_data_original/NED_Liv_0091_001_HE_ - 2011-06-17 02.00.21_004.bmp,1,0.34765968
/home/takagi/data/hcc_data_original/NED_Liv_0095_001_HE_ - 2011-06-20 21.53.19_007.bmp,1,0.3785377
/home/takagi/data/hcc_data_original/NED_Liv_0085_001_HE_ - 2011-06-17 01.07.23_003.bmp,1,0.49426705
/home/takagi/data/hcc_data_original/NED_Liv_0072_001_HE_ - 2011-06-16 23.45.28_003.bmp,1,0.47064885
/home/takagi/data/hcc_data_original/NED_Liv_0062_001_HE_ - 2011-06-16 22.23.39_004.bmp,1,0.47253662
/home/takagi/data/hcc_data_original/NED_Liv_0091_001_HE_ - 2011-06-17 02.00.21_001.bmp,1,0.4063996
/home/takagi/data/hcc_data_original/NED_Liv_0039_001_HE_ - 2011-06-21 04.47.49_002.bmp,1,0.5372348
/home/takagi/data/hcc_data_original/NED_Liv_0085_001_HE_ - 2011-06-17 01.07.23_001.bmp,1,0.3989811
/home/takagi/data/hcc_data_original/NED_Liv_0062_001_HE_ - 2011-06-16 22.23.39_002.bmp,1,0.44081244
/home/takagi/data/hcc_data_original/NED_Liv_0091_001_HE_ - 2011-06-17 02.00.21_003.bmp,1,0.39143035
/home/takagi/data/hcc_data_original/NED_Liv_0059_001_HE_ - 2011-06-16 22.01.19_002.bmp,1,0.36388633
/home/takagi/data/hcc_data_original/NED_Liv_0091_001_HE_ - 2011-06-17 02.00.21_002.bmp,1,0.30904648
/home/takagi/data/hcc_data_original/NED_Liv_0095_001_HE_ - 2011-06-20 21.53.19_006.bmp,1,0.39963207
/home/takagi/data/hcc_data_original/NED_Liv_0095_001_HE_ - 2011-06-20 21.53.19_003.bmp,1,0.4000817
/home/takagi/data/hcc_data_original/NED_Liv_0039_001_HE_ - 2011-06-21 04.47.49_003.bmp,1,0.50678504
/home/takagi/data/hcc_data_original/NED_Liv_0045_001_HE_ - 2011-06-21 05.32.07_001.bmp,1,0.4167367
/home/takagi/data/hcc_data_original/NED_Liv_0072_001_HE_ - 2011-06-16 23.45.28_002.bmp,1,0.5076935
/home/takagi/data/hcc_data_original/NED_Liv_0085_001_HE_ - 2011-06-17 01.07.23_002.bmp,1,0.46715474
/home/takagi/data/hcc_data_original/NED_Liv_0106_001_HE_ - 2011-06-21 01.29.55_001.bmp,1,0.4798897
/home/takagi/data/hcc_data_original/NED_Liv_0013_001_HE_ - 2011-06-21 02.33.51_003.bmp,1,0.49943686
/home/takagi/data/hcc_data_original/NED_Liv_0010_001_HE_ - 2011-06-24 18.39.09_008.bmp,1,0.4342698
/home/takagi/data/hcc_data_original/NED_Liv_0129_001_HE - 2011-07-09 12.19.48_005.bmp,1,0.4198323
/home/takagi/data/hcc_data_original/NED_Liv_0123_001_HE - 2011-07-09 11.45.43_001.bmp,1,0.4626288
/home/takagi/data/hcc_data_original/NED_Liv_0051_001_HE_ - 2011-06-16 20.26.06_004.bmp,1,0.5372333
/home/takagi/data/hcc_data_original/NED_Liv_0084_001_HE_ - 2011-06-17 01.01.15_001.bmp,1,0.3495573
/home/takagi/data/hcc_data_original/NED_Liv_0029_001_HE_ - 2011-06-21 03.49.12_001.bmp,1,0.5249406
/home/takagi/data/hcc_data_original/NED_Liv_0095_001_HE_ - 2011-06-20 21.53.19_004.bmp,1,0.37486026
/home/takagi/data/hcc_data_original/NED_Liv_0010_001_HE_ - 2011-06-24 18.39.09_002.bmp,1,0.42991853
/home/takagi/data/hcc_data_original/NED_Liv_0129_001_HE - 2011-07-09 12.19.48_004.bmp,1,0.52060145
/home/takagi/data/hcc_data_original/NED_Liv_0069_001_HE_ - 2011-06-21 01.40.13_002.bmp,1,0.3845712
/home/takagi/data/hcc_data_original/NED_Liv_0095_001_HE_ - 2011-06-20 21.53.19_005.bmp,1,0.45564863
/home/takagi/data/hcc_data_original/NED_Liv_0072_001_HE_ - 2011-06-16 23.45.28_004.bmp,1,0.48462647
/home/takagi/data/hcc_data_original/NED_Liv_0084_001_HE_ - 2011-06-17 01.01.15_003.bmp,1,0.49997374
/home/takagi/data/hcc_data_original/NED_Liv_0051_001_HE_ - 2011-06-16 20.26.06_003.bmp,1,0.51696426
/home/takagi/data/hcc_data_original/NED_Liv_0075_001_HE_ - 2011-06-17 00.05.25_003.bmp,1,0.4277979
/home/takagi/data/hcc_data_original/NED_Liv_0128_001_HE - 2011-07-09 12.14.30_003.bmp,1,0.47443295
/home/takagi/data/hcc_data_original/NED_Liv_0059_001_HE_ - 2011-06-16 22.01.19_001.bmp,1,0.3948646
/home/takagi/data/hcc_data_original/NED_Liv_0075_001_HE_ - 2011-06-17 00.05.25_002.bmp,1,0.40859976
/home/takagi/data/hcc_data_original/NED_Liv_0010_001_HE_ - 2011-06-24 18.39.09_003.bmp,1,0.25433278
/home/takagi/data/hcc_data_original/NED_Liv_0013_001_HE_ - 2011-06-21 02.33.51_001.bmp,1,0.5049086
/home/takagi/data/hcc_data_original/NED_Liv_0051_001_HE_ - 2011-06-16 20.26.06_002.bmp,1,0.52040863
/home/takagi/data/hcc_data_original/NED_Liv_0128_001_HE - 2011-07-09 12.14.30_001.bmp,1,0.49300095
/home/takagi/data/hcc_data_original/NED_Liv_0128_001_HE - 2011-07-09 12.14.30_002.bmp,1,0.4574823
/home/takagi/data/hcc_data_original/NED_Liv_0010_001_HE_ - 2011-06-24 18.39.09_001.bmp,1,0.32357574
/home/takagi/data/hcc_data_original/NED_Liv_0059_001_HE_ - 2011-06-16 22.01.19_003.bmp,1,0.43616343
/home/takagi/data/hcc_data_original/NED_Liv_0010_001_HE_ - 2011-06-24 18.39.09_004.bmp,1,0.48313224
/home/takagi/data/hcc_data_original/NED_Liv_0059_001_HE_ - 2011-06-16 22.01.19_004.bmp,1,0.40938172
/home/takagi/data/hcc_data_original/NED_Liv_0018_001_HE_ - 2011-06-21 02.55.50_004.bmp,0,0.5471571
/home/takagi/data/hcc_data_original/NED_Liv_0019_001_HE_ - 2011-06-21 03.00.06_005.bmp,0,0.41484037
/home/takagi/data/hcc_data_original/NED_Liv_0001_001_HE_ - 2011-06-21 01.51.59_006.bmp,0,0.6454434
/home/takagi/data/hcc_data_original/NED_Liv_0102_001_HE_ - 2011-06-21 01.07.22_007.bmp,0,0.29123515
/home/takagi/data/hcc_data_original/NED_Liv_0097_001_HE_ - 2011-06-20 22.52.09_005.bmp,0,0.34933117
/home/takagi/data/hcc_data_original/NED_Liv_0046_001_HE_ - 2011-06-21 05.37.49_004.bmp,0,0.4623426
/home/takagi/data/hcc_data_original/NED_Liv_0099_001_HE_ - 2011-06-20 23.08.01_011.bmp,0,0.40503272
/home/takagi/data/hcc_data_original/NED_Liv_0046_001_HE_ - 2011-06-21 05.37.49_007.bmp,0,0.5443333
/home/takagi/data/hcc_data_original/NED_Liv_0100_002_HE_ - 2011-06-20 23.21.07_007.bmp,0,0.4716119
/home/takagi/data/hcc_data_original/NED_Liv_0018_001_HE_ - 2011-06-21 02.55.50_006.bmp,0,0.50407475
/home/takagi/data/hcc_data_original/NED_Liv_0033_001_HE_ - 2011-06-21 04.10.24_006.bmp,0,0.5252144
/home/takagi/data/hcc_data_original/NED_Liv_0100_004_HE_ - 2011-06-20 23.30.39_005.bmp,0,0.39972636
/home/takagi/data/hcc_data_original/NED_Liv_0014_001_HE_ - 2011-06-21 02.39.55_004.bmp,0,0.51569134
/home/takagi/data/hcc_data_original/NED_Liv_0102_001_HE_ - 2011-06-21 01.07.22_010.bmp,0,0.5244268
/home/takagi/data/hcc_data_original/NED_Liv_0068_001_HE_ - 2011-06-16 23.20.44_005.bmp,0,0.5095599
/home/takagi/data/hcc_data_original/NED_Liv_0035_001_HE_ - 2011-06-21 04.27.28_004.bmp,0,0.46955505
/home/takagi/data/hcc_data_original/NED_Liv_0100_002_HE_ - 2011-06-20 23.21.07_008.bmp,0,0.38941967
/home/takagi/data/hcc_data_original/NED_Liv_0018_001_HE_ - 2011-06-21 02.55.50_005.bmp,0,0.6187448
/home/takagi/data/hcc_data_original/NED_Liv_0068_001_HE_ - 2011-06-16 23.20.44_006.bmp,0,0.5451652
/home/takagi/data/hcc_data_original/NED_Liv_0100_003_HE_ - 2011-06-20 23.26.05_004.bmp,0,0.5627162
/home/takagi/data/hcc_data_original/NED_Liv_0092_001_HE_ - 2011-06-17 02.06.34_005.bmp,0,0.53112626
/home/takagi/data/hcc_data_original/NED_Liv_0100_002_HE_ - 2011-06-20 23.21.07_010.bmp,0,0.45881313
/home/takagi/data/hcc_data_original/NED_Liv_0097_001_HE_ - 2011-06-20 22.52.09_007.bmp,0,0.44755542
/home/takagi/data/hcc_data_original/NED_Liv_0067_002_HE_ - 2011-06-16 23.14.11_005.bmp,0,0.39404532
/home/takagi/data/hcc_data_original/NED_Liv_0052_001_HE_ - 2011-06-16 20.32.05_007.bmp,0,0.5282706
/home/takagi/data/hcc_data_original/NED_Liv_0100_002_HE_ - 2011-06-20 23.21.07_009.bmp,0,0.39675418
/home/takagi/data/hcc_data_original/NED_Liv_0002_001_HE_ - 2011-06-21 01.57.09_004.bmp,0,0.45081344
/home/takagi/data/hcc_data_original/NED_Liv_0094_001_HE_ - 2011-06-20 21.48.15_006.bmp,0,0.57806414
/home/takagi/data/hcc_data_original/NED_Liv_0067_002_HE_ - 2011-06-16 23.14.11_007.bmp,0,0.53149354
/home/takagi/data/hcc_data_original/NED_Liv_0094_001_HE_ - 2011-06-20 21.48.15_007.bmp,0,0.6052721
/home/takagi/data/hcc_data_original/NED_Liv_0099_001_HE_ - 2011-06-20 23.08.01_010.bmp,0,0.5251236
/home/takagi/data/hcc_data_original/NED_Liv_0052_001_HE_ - 2011-06-16 20.32.05_008.bmp,0,0.5078558
/home/takagi/data/hcc_data_original/NED_Liv_0014_001_HE_ - 2011-06-21 02.39.55_006.bmp,0,0.65797627
/home/takagi/data/hcc_data_original/NED_Liv_0067_002_HE_ - 2011-06-16 23.14.11_008.bmp,0,0.3410091
/home/takagi/data/hcc_data_original/NED_Liv_0097_001_HE_ - 2011-06-20 22.52.09_006.bmp,0,0.5248317
/home/takagi/data/hcc_data_original/NED_Liv_0100_001_HE_ - 2011-06-20 23.14.59_007.bmp,0,0.50305843
/home/takagi/data/hcc_data_original/NED_Liv_0099_001_HE_ - 2011-06-20 23.08.01_009.bmp,0,0.3478027
/home/takagi/data/hcc_data_original/NED_Liv_0099_001_HE_ - 2011-06-20 23.08.01_008.bmp,0,0.5044904
/home/takagi/data/hcc_data_original/NED_Liv_0046_001_HE_ - 2011-06-21 05.37.49_005.bmp,0,0.58019286
/home/takagi/data/hcc_data_original/NED_Liv_0019_001_HE_ - 2011-06-21 03.00.06_007.bmp,0,0.5292136
/home/takagi/data/hcc_data_original/NED_Liv_0052_001_HE_ - 2011-06-16 20.32.05_005.bmp,0,0.45333505
/home/takagi/data/hcc_data_original/NED_Liv_0099_001_HE_ - 2011-06-20 23.08.01_007.bmp,0,0.48104227
/home/takagi/data/hcc_data_original/NED_Liv_0067_002_HE_ - 2011-06-16 23.14.11_006.bmp,0,0.3082203
/home/takagi/data/hcc_data_original/NED_Liv_0100_003_HE_ - 2011-06-20 23.26.05_006.bmp,0,0.49977452
/home/takagi/data/hcc_data_original/NED_Liv_0033_001_HE_ - 2011-06-21 04.10.24_008.bmp,0,0.5510666
/home/takagi/data/hcc_data_original/NED_Liv_0040_001_HE_ - 2011-06-21 04.53.03_004.bmp,0,0.6480378
/home/takagi/data/hcc_data_original/NED_Liv_0002_001_HE_ - 2011-06-21 01.57.09_005.bmp,0,0.43472657
/home/takagi/data/hcc_data_original/NED_Liv_0040_001_HE_ - 2011-06-21 04.53.03_005.bmp,0,0.5637859
/home/takagi/data/hcc_data_original/NED_Liv_0100_003_HE_ - 2011-06-20 23.26.05_005.bmp,0,0.6381175
/home/takagi/data/hcc_data_original/NED_Liv_0100_004_HE_ - 2011-06-20 23.30.39_004.bmp,0,0.5427799
/home/takagi/data/hcc_data_original/NED_Liv_0014_001_HE_ - 2011-06-21 02.39.55_005.bmp,0,0.4538421
/home/takagi/data/hcc_data_original/NED_Liv_0002_001_HE_ - 2011-06-21 01.57.09_006.bmp,0,0.4756725
/home/takagi/data/hcc_data_original/NED_Liv_0097_001_HE_ - 2011-06-20 22.52.09_004.bmp,0,0.59700596
/home/takagi/data/hcc_data_original/NED_Liv_0046_001_HE_ - 2011-06-21 05.37.49_006.bmp,0,0.5193493
/home/takagi/data/hcc_data_original/NED_Liv_0035_001_HE_ - 2011-06-21 04.27.28_003.bmp,0,0.51098967
/home/takagi/data/hcc_data_original/NED_Liv_0040_001_HE_ - 2011-06-21 04.53.03_006.bmp,0,0.63742924
/home/takagi/data/hcc_data_original/NED_Liv_0001_001_HE_ - 2011-06-21 01.51.59_004.bmp,0,0.66745037
/home/takagi/data/hcc_data_original/NED_Liv_0052_001_HE_ - 2011-06-16 20.32.05_006.bmp,0,0.48666656
/home/takagi/data/hcc_data_original/NED_Liv_0094_001_HE_ - 2011-06-20 21.48.15_005.bmp,0,0.67478347
/home/takagi/data/hcc_data_original/NED_Liv_0067_002_HE_ - 2011-06-16 23.14.11_004.bmp,0,0.39922157
/home/takagi/data/hcc_data_original/NED_Liv_0100_001_HE_ - 2011-06-20 23.14.59_006.bmp,0,0.29247683
/home/takagi/data/hcc_data_original/NED_Liv_0068_001_HE_ - 2011-06-16 23.20.44_007.bmp,0,0.46707213
/home/takagi/data/hcc_data_original/NED_Liv_0092_001_HE_ - 2011-06-17 02.06.34_006.bmp,0,0.3693176
/home/takagi/data/hcc_data_original/NED_Liv_0019_001_HE_ - 2011-06-21 03.00.06_004.bmp,0,0.46289945
/home/takagi/data/hcc_data_original/NED_Liv_0019_001_HE_ - 2011-06-21 03.00.06_006.bmp,0,0.51896006
/home/takagi/data/hcc_data_original/NED_Liv_0102_001_HE_ - 2011-06-21 01.07.22_008.bmp,0,0.31267142
/home/takagi/data/hcc_data_original/NED_Liv_0100_001_HE_ - 2011-06-20 23.14.59_005.bmp,0,0.3683672
/home/takagi/data/hcc_data_original/NED_Liv_0019_001_HE_ - 2011-06-21 03.00.06_009.bmp,0,0.45504943
/home/takagi/data/hcc_data_original/NED_Liv_0001_001_HE_ - 2011-06-21 01.51.59_005.bmp,0,0.5715326
/home/takagi/data/hcc_data_original/NED_Liv_0014_001_HE_ - 2011-06-21 02.39.55_007.bmp,1,0.14288777
/home/takagi/data/hcc_data_original/NED_Liv_0099_001_HE_ - 2011-06-20 23.08.01_001.bmp,1,0.5021819
/home/takagi/data/hcc_data_original/NED_Liv_0002_001_HE_ - 2011-06-21 01.57.09_001.bmp,1,0.35272476
/home/takagi/data/hcc_data_original/NED_Liv_0033_001_HE_ - 2011-06-21 04.10.24_003.bmp,1,0.29571077
/home/takagi/data/hcc_data_original/NED_Liv_0033_001_HE_ - 2011-06-21 04.10.24_002.bmp,1,0.2874904
/home/takagi/data/hcc_data_original/NED_Liv_0001_001_HE_ - 2011-06-21 01.51.59_001.bmp,1,0.4479176
/home/takagi/data/hcc_data_original/NED_Liv_0035_001_HE_ - 2011-06-21 04.27.28_005.bmp,1,0.46255156
/home/takagi/data/hcc_data_original/NED_Liv_0002_001_HE_ - 2011-06-21 01.57.09_003.bmp,1,0.4684861
/home/takagi/data/hcc_data_original/NED_Liv_0068_001_HE_ - 2011-06-16 23.20.44_002.bmp,1,0.13830847
/home/takagi/data/hcc_data_original/NED_Liv_0102_001_HE_ - 2011-06-21 01.07.22_003.bmp,1,0.33628595
/home/takagi/data/hcc_data_original/NED_Liv_0019_001_HE_ - 2011-06-21 03.00.06_011.bmp,1,0.47642404
/home/takagi/data/hcc_data_original/NED_Liv_0099_001_HE_ - 2011-06-20 23.08.01_004.bmp,1,0.18857081
/home/takagi/data/hcc_data_original/NED_Liv_0067_002_HE_ - 2011-06-16 23.14.11_002.bmp,1,0.32201043
/home/takagi/data/hcc_data_original/NED_Liv_0014_001_HE_ - 2011-06-21 02.39.55_002.bmp,1,0.30050567
/home/takagi/data/hcc_data_original/NED_Liv_0046_001_HE_ - 2011-06-21 05.37.49_001.bmp,1,0.5182938
/home/takagi/data/hcc_data_original/NED_Liv_0001_001_HE_ - 2011-06-21 01.51.59_003.bmp,1,0.27141336
/home/takagi/data/hcc_data_original/NED_Liv_0094_001_HE_ - 2011-06-20 21.48.15_008.bmp,1,0.35183233
/home/takagi/data/hcc_data_original/NED_Liv_0001_001_HE_ - 2011-06-21 01.51.59_007.bmp,1,0.2641749
/home/takagi/data/hcc_data_original/NED_Liv_0035_001_HE_ - 2011-06-21 04.27.28_001.bmp,1,0.5027967
/home/takagi/data/hcc_data_original/NED_Liv_0018_001_HE_ - 2011-06-21 02.55.50_002.bmp,1,0.39945412
/home/takagi/data/hcc_data_original/NED_Liv_0002_001_HE_ - 2011-06-21 01.57.09_002.bmp,1,0.2414503
/home/takagi/data/hcc_data_original/NED_Liv_0033_001_HE_ - 2011-06-21 04.10.24_001.bmp,1,0.3149196
/home/takagi/data/hcc_data_original/NED_Liv_0001_001_HE_ - 2011-06-21 01.51.59_002.bmp,1,0.48870322
/home/takagi/data/hcc_data_original/NED_Liv_0018_001_HE_ - 2011-06-21 02.55.50_003.bmp,1,0.50644517
/home/takagi/data/hcc_data_original/NED_Liv_0102_001_HE_ - 2011-06-21 01.07.22_002.bmp,1,0.28983897
/home/takagi/data/hcc_data_original/NED_Liv_0040_001_HE_ - 2011-06-21 04.53.03_003.bmp,1,0.31639495
/home/takagi/data/hcc_data_original/NED_Liv_0067_002_HE_ - 2011-06-16 23.14.11_001.bmp,1,0.13084988
/home/takagi/data/hcc_data_original/NED_Liv_0046_001_HE_ - 2011-06-21 05.37.49_008.bmp,1,0.41752598
/home/takagi/data/hcc_data_original/NED_Liv_0099_001_HE_ - 2011-06-20 23.08.01_005.bmp,1,0.34494922
/home/takagi/data/hcc_data_original/NED_Liv_0052_001_HE_ - 2011-06-16 20.32.05_001.bmp,1,0.3026054
/home/takagi/data/hcc_data_original/NED_Liv_0018_001_HE_ - 2011-06-21 02.55.50_001.bmp,1,0.4376289
/home/takagi/data/hcc_data_original/NED_Liv_0099_001_HE_ - 2011-06-20 23.08.01_002.bmp,1,0.3896378
/home/takagi/data/hcc_data_original/NED_Liv_0068_001_HE_ - 2011-06-16 23.20.44_004.bmp,1,0.124476306
/home/takagi/data/hcc_data_original/NED_Liv_0019_001_HE_ - 2011-06-21 03.00.06_002.bmp,1,0.39895466
/home/takagi/data/hcc_data_original/NED_Liv_0092_001_HE_ - 2011-06-17 02.06.34_002.bmp,1,0.3450177
/home/takagi/data/hcc_data_original/NED_Liv_0099_001_HE_ - 2011-06-20 23.08.01_006.bmp,1,0.2672056
/home/takagi/data/hcc_data_original/NED_Liv_0092_001_HE_ - 2011-06-17 02.06.34_003.bmp,1,0.42070436
/home/takagi/data/hcc_data_original/NED_Liv_0019_001_HE_ - 2011-06-21 03.00.06_003.bmp,1,0.343887
/home/takagi/data/hcc_data_original/NED_Liv_0068_001_HE_ - 2011-06-16 23.20.44_001.bmp,1,0.31333262
/home/takagi/data/hcc_data_original/NED_Liv_0094_001_HE_ - 2011-06-20 21.48.15_002.bmp,1,0.16979139
/home/takagi/data/hcc_data_original/NED_Liv_0035_001_HE_ - 2011-06-21 04.27.28_002.bmp,1,0.4536872
/home/takagi/data/hcc_data_original/NED_Liv_0040_001_HE_ - 2011-06-21 04.53.03_002.bmp,1,0.36284244
/home/takagi/data/hcc_data_original/NED_Liv_0102_001_HE_ - 2011-06-21 01.07.22_005.bmp,1,0.33981815
/home/takagi/data/hcc_data_original/NED_Liv_0052_001_HE_ - 2011-06-16 20.32.05_004.bmp,1,0.3229818
/home/takagi/data/hcc_data_original/NED_Liv_0033_001_HE_ - 2011-06-21 04.10.24_005.bmp,1,0.32008946
/home/takagi/data/hcc_data_original/NED_Liv_0092_001_HE_ - 2011-06-17 02.06.34_004.bmp,1,0.3310716
/home/takagi/data/hcc_data_original/NED_Liv_0092_001_HE_ - 2011-06-17 02.06.34_001.bmp,1,0.41992262
/home/takagi/data/hcc_data_original/NED_Liv_0052_001_HE_ - 2011-06-16 20.32.05_002.bmp,1,0.26928288
/home/takagi/data/hcc_data_original/NED_Liv_0094_001_HE_ - 2011-06-20 21.48.15_004.bmp,1,0.21100621
/home/takagi/data/hcc_data_original/NED_Liv_0019_001_HE_ - 2011-06-21 03.00.06_008.bmp,1,0.43683034
/home/takagi/data/hcc_data_original/NED_Liv_0094_001_HE_ - 2011-06-20 21.48.15_001.bmp,1,0.12537181
/home/takagi/data/hcc_data_original/NED_Liv_0102_001_HE_ - 2011-06-21 01.07.22_004.bmp,1,0.24993305
/home/takagi/data/hcc_data_original/NED_Liv_0099_001_HE_ - 2011-06-20 23.08.01_003.bmp,1,0.24525824
/home/takagi/data/hcc_data_original/NED_Liv_0014_001_HE_ - 2011-06-21 02.39.55_003.bmp,1,0.2759375
/home/takagi/data/hcc_data_original/NED_Liv_0040_001_HE_ - 2011-06-21 04.53.03_001.bmp,1,0.56701976
/home/takagi/data/hcc_data_original/NED_Liv_0019_001_HE_ - 2011-06-21 03.00.06_010.bmp,1,0.45827225
/home/takagi/data/hcc_data_original/NED_Liv_0097_001_HE_ - 2011-06-20 22.52.09_003.bmp,1,0.21644615
/home/takagi/data/hcc_data_original/NED_Liv_0033_001_HE_ - 2011-06-21 04.10.24_007.bmp,1,0.3285179
/home/takagi/data/hcc_data_original/NED_Liv_0094_001_HE_ - 2011-06-20 21.48.15_009.bmp,1,0.44393775
/home/takagi/data/hcc_data_original/NED_Liv_0097_001_HE_ - 2011-06-20 22.52.09_001.bmp,1,0.3492814
/home/takagi/data/hcc_data_original/NED_Liv_0097_001_HE_ - 2011-06-20 22.52.09_002.bmp,1,0.13953035
/home/takagi/data/hcc_data_original/NED_Liv_0019_001_HE_ - 2011-06-21 03.00.06_001.bmp,1,0.19490732
/home/takagi/data/hcc_data_original/NED_Liv_0046_001_HE_ - 2011-06-21 05.37.49_002.bmp,1,0.44702044
/home/takagi/data/hcc_data_original/NED_Liv_0014_001_HE_ - 2011-06-21 02.39.55_001.bmp,1,0.15548003
/home/takagi/data/hcc_data_original/NED_Liv_0068_001_HE_ - 2011-06-16 23.20.44_003.bmp,1,0.21011598
/home/takagi/data/hcc_data_original/NED_Liv_0102_001_HE_ - 2011-06-21 01.07.22_001.bmp,1,0.31621227
/home/takagi/data/hcc_data_original/NED_Liv_0046_001_HE_ - 2011-06-21 05.37.49_003.bmp,1,0.45522773
/home/takagi/data/hcc_data_original/NED_Liv_0033_001_HE_ - 2011-06-21 04.10.24_004.bmp,1,0.18248467
/home/takagi/data/hcc_data_original/NED_Liv_0040_001_HE_ - 2011-06-21 04.53.03_007.bmp,1,0.3248263
/home/takagi/data/hcc_data_original/NED_Liv_0102_001_HE_ - 2011-06-21 01.07.22_006.bmp,1,0.15680896
/home/takagi/data/hcc_data_original/NED_Liv_0067_002_HE_ - 2011-06-16 23.14.11_003.bmp,1,0.2718673
/home/takagi/data/hcc_data_original/NED_Liv_0094_001_HE_ - 2011-06-20 21.48.15_003.bmp,1,0.26199603
/home/takagi/data/hcc_data_original/NED_Liv_0052_001_HE_ - 2011-06-16 20.32.05_003.bmp,1,0.35165775
/home/takagi/data/hcc_data_original/NED_Liv_0056_001_HE_ - 2011-06-16 20.56.22_007.bmp,0,0.9995166
/home/takagi/data/hcc_data_original/NED_Liv_0047_001_HE_ - 2011-06-21 05.43.37_007.bmp,0,0.9856771
/home/takagi/data/hcc_data_original/NED_Liv_0063_001_HE_ - 2011-06-16 22.30.17_005.bmp,0,0.99956876
/home/takagi/data/hcc_data_original/NED_Liv_0056_001_HE_ - 2011-06-16 20.56.22_006.bmp,0,0.995939
/home/takagi/data/hcc_data_original/NED_Liv_0088_001_HE_ - 2011-06-17 01.41.44_007.bmp,0,0.9978688
/home/takagi/data/hcc_data_original/NED_Liv_0104_001_HE_ - 2011-06-21 01.19.05_005.bmp,0,0.018551381
/home/takagi/data/hcc_data_original/NED_Liv_0047_001_HE_ - 2011-06-21 05.43.37_011.bmp,0,0.72384125
/home/takagi/data/hcc_data_original/NED_Liv_0125_001_HE - 2011-07-09 11.58.04_002.bmp,0,0.05820121
/home/takagi/data/hcc_data_original/NED_Liv_0060_001_HE_ - 2011-06-16 22.11.00_008.bmp,0,0.999949
/home/takagi/data/hcc_data_original/NED_Liv_0063_001_HE_ - 2011-06-16 22.30.17_006.bmp,0,0.9999883
/home/takagi/data/hcc_data_original/NED_Liv_0093_001_HE_ - 2011-06-20 21.42.58_004.bmp,0,0.9997224
/home/takagi/data/hcc_data_original/NED_Liv_0104_001_HE_ - 2011-06-21 01.19.05_003.bmp,0,0.13375047
/home/takagi/data/hcc_data_original/NED_Liv_0093_001_HE_ - 2011-06-20 21.42.58_006.bmp,0,0.995812
/home/takagi/data/hcc_data_original/NED_Liv_0107_001_HE_ - 2011-06-21 01.34.54_007.bmp,0,0.9942703
/home/takagi/data/hcc_data_original/NED_Liv_0048_001_HE_ - 2011-06-21 05.49.37_005.bmp,0,0.99989486
/home/takagi/data/hcc_data_original/NED_Liv_0006_001_HE_ - 2011-06-21 02.17.38_004.bmp,0,0.99878615
/home/takagi/data/hcc_data_original/NED_Liv_0027_001_HE_ - 2011-06-21 03.38.00_004.bmp,0,0.9987165
/home/takagi/data/hcc_data_original/NED_Liv_0088_001_HE_ - 2011-06-17 01.41.44_006.bmp,0,0.9983719
/home/takagi/data/hcc_data_original/NED_Liv_0074_001_HE_ - 2011-06-16 23.59.15_007.bmp,0,0.9983985
/home/takagi/data/hcc_data_original/NED_Liv_0020_001_HE_ - 2011-06-21 03.06.04_004.bmp,0,0.99993134
/home/takagi/data/hcc_data_original/NED_Liv_0071_001_HE_ - 2011-06-16 23.39.40_005.bmp,0,0.99911636
/home/takagi/data/hcc_data_original/NED_Liv_0027_001_HE_ - 2011-06-21 03.38.00_011.bmp,0,0.96071565
/home/takagi/data/hcc_data_original/NED_Liv_0066_001_HE_ - 2011-06-16 23.08.39_007.bmp,0,0.933414
/home/takagi/data/hcc_data_original/NED_Liv_0063_001_HE_ - 2011-06-16 22.30.17_007.bmp,0,0.99972373
/home/takagi/data/hcc_data_original/NED_Liv_0060_001_HE_ - 2011-06-16 22.11.00_006.bmp,0,0.99735355
/home/takagi/data/hcc_data_original/NED_Liv_0088_001_HE_ - 2011-06-17 01.41.44_005.bmp,0,0.9970028
/home/takagi/data/hcc_data_original/NED_Liv_0125_001_HE - 2011-07-09 11.58.04_006.bmp,0,0.99849
/home/takagi/data/hcc_data_original/NED_Liv_0107_001_HE_ - 2011-06-21 01.34.54_008.bmp,0,0.99959296
/home/takagi/data/hcc_data_original/NED_Liv_0047_001_HE_ - 2011-06-21 05.43.37_010.bmp,0,0.8119227
/home/takagi/data/hcc_data_original/NED_Liv_0125_001_HE - 2011-07-09 11.58.04_005.bmp,0,0.18443404
/home/takagi/data/hcc_data_original/NED_Liv_0066_001_HE_ - 2011-06-16 23.08.39_005.bmp,0,0.9994592
/home/takagi/data/hcc_data_original/NED_Liv_0125_001_HE - 2011-07-09 11.58.04_003.bmp,0,0.9890233
/home/takagi/data/hcc_data_original/NED_Liv_0047_001_HE_ - 2011-06-21 05.43.37_008.bmp,0,0.9990896
/home/takagi/data/hcc_data_original/NED_Liv_0028_001_HE_ - 2011-06-21 03.43.44_006.bmp,0,0.50065476
/home/takagi/data/hcc_data_original/NED_Liv_0107_001_HE_ - 2011-06-21 01.34.54_005.bmp,0,0.99980325
/home/takagi/data/hcc_data_original/NED_Liv_0071_001_HE_ - 2011-06-16 23.39.40_006.bmp,0,0.9997521
/home/takagi/data/hcc_data_original/NED_Liv_0104_001_HE_ - 2011-06-21 01.19.05_004.bmp,0,0.036334436
/home/takagi/data/hcc_data_original/NED_Liv_0074_001_HE_ - 2011-06-16 23.59.15_005.bmp,0,0.9536214
/home/takagi/data/hcc_data_original/NED_Liv_0027_001_HE_ - 2011-06-21 03.38.00_007.bmp,0,0.99685955
/home/takagi/data/hcc_data_original/NED_Liv_0104_001_HE_ - 2011-06-21 01.19.05_006.bmp,0,0.40377706
/home/takagi/data/hcc_data_original/NED_Liv_0020_001_HE_ - 2011-06-21 03.06.04_005.bmp,0,0.9983668
/home/takagi/data/hcc_data_original/NED_Liv_0104_001_HE_ - 2011-06-21 01.19.05_002.bmp,0,0.21568042
/home/takagi/data/hcc_data_original/NED_Liv_0031_001_HE_ - 2011-06-21 04.00.45_006.bmp,0,0.9965855
/home/takagi/data/hcc_data_original/NED_Liv_0048_001_HE_ - 2011-06-21 05.49.37_007.bmp,0,0.9989122
/home/takagi/data/hcc_data_original/NED_Liv_0107_001_HE_ - 2011-06-21 01.34.54_006.bmp,0,0.9928469
/home/takagi/data/hcc_data_original/NED_Liv_0060_001_HE_ - 2011-06-16 22.11.00_005.bmp,0,0.9997789
/home/takagi/data/hcc_data_original/NED_Liv_0088_001_HE_ - 2011-06-17 01.41.44_008.bmp,0,0.9969131
/home/takagi/data/hcc_data_original/NED_Liv_0093_001_HE_ - 2011-06-20 21.42.58_005.bmp,0,0.99790573
/home/takagi/data/hcc_data_original/NED_Liv_0071_001_HE_ - 2011-06-16 23.39.40_007.bmp,0,0.9999448
/home/takagi/data/hcc_data_original/NED_Liv_0028_001_HE_ - 2011-06-21 03.43.44_005.bmp,0,0.6823202
/home/takagi/data/hcc_data_original/NED_Liv_0048_001_HE_ - 2011-06-21 05.49.37_006.bmp,0,0.98084784
/home/takagi/data/hcc_data_original/NED_Liv_0015_001_HE_ - 2011-06-21 02.45.56_006.bmp,0,0.9970067
/home/takagi/data/hcc_data_original/NED_Liv_0028_001_HE_ - 2011-06-21 03.43.44_004.bmp,0,0.50356555
/home/takagi/data/hcc_data_original/NED_Liv_0056_001_HE_ - 2011-06-16 20.56.22_008.bmp,0,0.99991167
/home/takagi/data/hcc_data_original/NED_Liv_0074_001_HE_ - 2011-06-16 23.59.15_006.bmp,0,0.9420096
/home/takagi/data/hcc_data_original/NED_Liv_0027_001_HE_ - 2011-06-21 03.38.00_005.bmp,0,0.9994091
/home/takagi/data/hcc_data_original/NED_Liv_0015_001_HE_ - 2011-06-21 02.45.56_004.bmp,0,0.9997141
/home/takagi/data/hcc_data_original/NED_Liv_0066_001_HE_ - 2011-06-16 23.08.39_006.bmp,0,0.90772265
/home/takagi/data/hcc_data_original/NED_Liv_0031_001_HE_ - 2011-06-21 04.00.45_005.bmp,0,0.9999393
/home/takagi/data/hcc_data_original/NED_Liv_0060_001_HE_ - 2011-06-16 22.11.00_007.bmp,0,0.5605058
/home/takagi/data/hcc_data_original/NED_Liv_0020_001_HE_ - 2011-06-21 03.06.04_006.bmp,0,0.99696976
/home/takagi/data/hcc_data_original/NED_Liv_0015_001_HE_ - 2011-06-21 02.45.56_005.bmp,0,0.99171597
/home/takagi/data/hcc_data_original/NED_Liv_0104_001_HE_ - 2011-06-21 01.19.05_007.bmp,0,0.06545433
/home/takagi/data/hcc_data_original/NED_Liv_0074_001_HE_ - 2011-06-16 23.59.15_004.bmp,0,0.99968195
/home/takagi/data/hcc_data_original/NED_Liv_0031_001_HE_ - 2011-06-21 04.00.45_004.bmp,0,0.9988431
/home/takagi/data/hcc_data_original/NED_Liv_0107_001_HE_ - 2011-06-21 01.34.54_009.bmp,0,0.99993765
/home/takagi/data/hcc_data_original/NED_Liv_0027_001_HE_ - 2011-06-21 03.38.00_006.bmp,0,0.9961863
/home/takagi/data/hcc_data_original/NED_Liv_0047_001_HE_ - 2011-06-21 05.43.37_009.bmp,0,0.82651985
/home/takagi/data/hcc_data_original/NED_Liv_0056_001_HE_ - 2011-06-16 20.56.22_005.bmp,0,0.99989736
/home/takagi/data/hcc_data_original/NED_Liv_0047_001_HE_ - 2011-06-21 05.43.37_004.bmp,1,0.0008846733
/home/takagi/data/hcc_data_original/NED_Liv_0063_001_HE_ - 2011-06-16 22.30.17_001.bmp,1,0.00043317044
/home/takagi/data/hcc_data_original/NED_Liv_0031_001_HE_ - 2011-06-21 04.00.45_002.bmp,1,0.0012800107
/home/takagi/data/hcc_data_original/NED_Liv_0107_001_HE_ - 2011-06-21 01.34.54_004.bmp,1,0.027538167
/home/takagi/data/hcc_data_original/NED_Liv_0104_001_HE_ - 2011-06-21 01.19.05_008.bmp,1,0.025124207
/home/takagi/data/hcc_data_original/NED_Liv_0060_001_HE_ - 2011-06-16 22.11.00_002.bmp,1,0.0010581436
/home/takagi/data/hcc_data_original/NED_Liv_0047_001_HE_ - 2011-06-21 05.43.37_001.bmp,1,0.0014194389
/home/takagi/data/hcc_data_original/NED_Liv_0104_001_HE_ - 2011-06-21 01.19.05_001.bmp,1,0.0050557056
/home/takagi/data/hcc_data_original/NED_Liv_0006_001_HE_ - 2011-06-21 02.17.38_001.bmp,1,0.0026278496
/home/takagi/data/hcc_data_original/NED_Liv_0056_001_HE_ - 2011-06-16 20.56.22_003.bmp,1,0.019918535
/home/takagi/data/hcc_data_original/NED_Liv_0056_001_HE_ - 2011-06-16 20.56.22_002.bmp,1,0.04612939
/home/takagi/data/hcc_data_original/NED_Liv_0066_001_HE_ - 2011-06-16 23.08.39_004.bmp,1,0.01288722
/home/takagi/data/hcc_data_original/NED_Liv_0048_001_HE_ - 2011-06-21 05.49.37_002.bmp,1,0.006851749
/home/takagi/data/hcc_data_original/NED_Liv_0088_001_HE_ - 2011-06-17 01.41.44_001.bmp,1,0.59994626
/home/takagi/data/hcc_data_original/NED_Liv_0071_001_HE_ - 2011-06-16 23.39.40_004.bmp,1,0.36710954
/home/takagi/data/hcc_data_original/NED_Liv_0015_001_HE_ - 2011-06-21 02.45.56_002.bmp,1,0.0013117921
/home/takagi/data/hcc_data_original/NED_Liv_0066_001_HE_ - 2011-06-16 23.08.39_003.bmp,1,0.04023253
/home/takagi/data/hcc_data_original/NED_Liv_0048_001_HE_ - 2011-06-21 05.49.37_004.bmp,1,0.0005937653
/home/takagi/data/hcc_data_original/NED_Liv_0066_001_HE_ - 2011-06-16 23.08.39_001.bmp,1,0.0062779053
/home/takagi/data/hcc_data_original/NED_Liv_0088_001_HE_ - 2011-06-17 01.41.44_002.bmp,1,0.1764261
/home/takagi/data/hcc_data_original/NED_Liv_0093_001_HE_ - 2011-06-20 21.42.58_003.bmp,1,0.034498174
/home/takagi/data/hcc_data_original/NED_Liv_0047_001_HE_ - 2011-06-21 05.43.37_006.bmp,1,0.0006871357
/home/takagi/data/hcc_data_original/NED_Liv_0047_001_HE_ - 2011-06-21 05.43.37_005.bmp,1,0.00068990275
/home/takagi/data/hcc_data_original/NED_Liv_0066_001_HE_ - 2011-06-16 23.08.39_002.bmp,1,0.01626055
/home/takagi/data/hcc_data_original/NED_Liv_0056_001_HE_ - 2011-06-16 20.56.22_004.bmp,1,0.009592749
/home/takagi/data/hcc_data_original/NED_Liv_0088_001_HE_ - 2011-06-17 01.41.44_004.bmp,1,0.1413218
/home/takagi/data/hcc_data_original/NED_Liv_0031_001_HE_ - 2011-06-21 04.00.45_001.bmp,1,0.01574143
/home/takagi/data/hcc_data_original/NED_Liv_0015_001_HE_ - 2011-06-21 02.45.56_001.bmp,1,0.0015281055
/home/takagi/data/hcc_data_original/NED_Liv_0074_001_HE_ - 2011-06-16 23.59.15_002.bmp,1,0.0008707631
/home/takagi/data/hcc_data_original/NED_Liv_0031_001_HE_ - 2011-06-21 04.00.45_003.bmp,1,0.0012512364
/home/takagi/data/hcc_data_original/NED_Liv_0055_001_HE_ - 2011-06-16 20.51.26_002.bmp,1,0.01613375
/home/takagi/data/hcc_data_original/NED_Liv_0071_001_HE_ - 2011-06-16 23.39.40_008.bmp,1,0.99985564
/home/takagi/data/hcc_data_original/NED_Liv_0125_001_HE - 2011-07-09 11.58.04_007.bmp,1,0.2649791
/home/takagi/data/hcc_data_original/NED_Liv_0071_001_HE_ - 2011-06-16 23.39.40_001.bmp,1,0.0011973304
/home/takagi/data/hcc_data_original/NED_Liv_0060_001_HE_ - 2011-06-16 22.11.00_001.bmp,1,0.0042361347
/home/takagi/data/hcc_data_original/NED_Liv_0027_001_HE_ - 2011-06-21 03.38.00_002.bmp,1,0.15193376
/home/takagi/data/hcc_data_original/NED_Liv_0047_001_HE_ - 2011-06-21 05.43.37_002.bmp,1,0.0034870827
/home/takagi/data/hcc_data_original/NED_Liv_0088_001_HE_ - 2011-06-17 01.41.44_003.bmp,1,0.14006782
/home/takagi/data/hcc_data_original/NED_Liv_0063_001_HE_ - 2011-06-16 22.30.17_004.bmp,1,0.0023326133
/home/takagi/data/hcc_data_original/NED_Liv_0060_001_HE_ - 2011-06-16 22.11.00_003.bmp,1,0.06454351
/home/takagi/data/hcc_data_original/NED_Liv_0107_001_HE_ - 2011-06-21 01.34.54_003.bmp,1,0.004210349
/home/takagi/data/hcc_data_original/NED_Liv_0060_001_HE_ - 2011-06-16 22.11.00_004.bmp,1,0.50346583
/home/takagi/data/hcc_data_original/NED_Liv_0027_001_HE_ - 2011-06-21 03.38.00_009.bmp,1,0.1637059
/home/takagi/data/hcc_data_original/NED_Liv_0020_001_HE_ - 2011-06-21 03.06.04_002.bmp,1,0.02738342
/home/takagi/data/hcc_data_original/NED_Liv_0006_001_HE_ - 2011-06-21 02.17.38_003.bmp,1,0.0028672446
/home/takagi/data/hcc_data_original/NED_Liv_0048_001_HE_ - 2011-06-21 05.49.37_003.bmp,1,0.04229782
/home/takagi/data/hcc_data_original/NED_Liv_0107_001_HE_ - 2011-06-21 01.34.54_002.bmp,1,0.0030183669
/home/takagi/data/hcc_data_original/NED_Liv_0028_001_HE_ - 2011-06-21 03.43.44_001.bmp,1,0.020878347
/home/takagi/data/hcc_data_original/NED_Liv_0125_001_HE - 2011-07-09 11.58.04_001.bmp,1,0.8991788
/home/takagi/data/hcc_data_original/NED_Liv_0125_001_HE - 2011-07-09 11.58.04_004.bmp,1,0.7442826
/home/takagi/data/hcc_data_original/NED_Liv_0006_001_HE_ - 2011-06-21 02.17.38_002.bmp,1,0.06575964
/home/takagi/data/hcc_data_original/NED_Liv_0048_001_HE_ - 2011-06-21 05.49.37_001.bmp,1,0.013187428
/home/takagi/data/hcc_data_original/NED_Liv_0074_001_HE_ - 2011-06-16 23.59.15_001.bmp,1,0.00038894088
/home/takagi/data/hcc_data_original/NED_Liv_0027_001_HE_ - 2011-06-21 03.38.00_008.bmp,1,0.05472879
/home/takagi/data/hcc_data_original/NED_Liv_0020_001_HE_ - 2011-06-21 03.06.04_001.bmp,1,0.29001394
/home/takagi/data/hcc_data_original/NED_Liv_0020_001_HE_ - 2011-06-21 03.06.04_003.bmp,1,0.65540725
/home/takagi/data/hcc_data_original/NED_Liv_0027_001_HE_ - 2011-06-21 03.38.00_010.bmp,1,0.8847666
/home/takagi/data/hcc_data_original/NED_Liv_0074_001_HE_ - 2011-06-16 23.59.15_003.bmp,1,0.0004683107
/home/takagi/data/hcc_data_original/NED_Liv_0055_001_HE_ - 2011-06-16 20.51.26_001.bmp,1,0.013945439
/home/takagi/data/hcc_data_original/NED_Liv_0028_001_HE_ - 2011-06-21 03.43.44_003.bmp,1,0.14788929
/home/takagi/data/hcc_data_original/NED_Liv_0071_001_HE_ - 2011-06-16 23.39.40_009.bmp,1,0.99946064
/home/takagi/data/hcc_data_original/NED_Liv_0015_001_HE_ - 2011-06-21 02.45.56_003.bmp,1,0.0025700636
/home/takagi/data/hcc_data_original/NED_Liv_0055_001_HE_ - 2011-06-16 20.51.26_003.bmp,1,0.009022002
/home/takagi/data/hcc_data_original/NED_Liv_0093_001_HE_ - 2011-06-20 21.42.58_002.bmp,1,0.0071802945
/home/takagi/data/hcc_data_original/NED_Liv_0027_001_HE_ - 2011-06-21 03.38.00_003.bmp,1,0.013981812
/home/takagi/data/hcc_data_original/NED_Liv_0093_001_HE_ - 2011-06-20 21.42.58_001.bmp,1,0.02465087
/home/takagi/data/hcc_data_original/NED_Liv_0107_001_HE_ - 2011-06-21 01.34.54_001.bmp,1,0.10524584
/home/takagi/data/hcc_data_original/NED_Liv_0027_001_HE_ - 2011-06-21 03.38.00_001.bmp,1,0.50499237
/home/takagi/data/hcc_data_original/NED_Liv_0063_001_HE_ - 2011-06-16 22.30.17_003.bmp,1,0.0026558293
/home/takagi/data/hcc_data_original/NED_Liv_0063_001_HE_ - 2011-06-16 22.30.17_002.bmp,1,0.0013568152
/home/takagi/data/hcc_data_original/NED_Liv_0071_001_HE_ - 2011-06-16 23.39.40_002.bmp,1,0.03943696
/home/takagi/data/hcc_data_original/NED_Liv_0071_001_HE_ - 2011-06-16 23.39.40_003.bmp,1,0.00093099003
/home/takagi/data/hcc_data_original/NED_Liv_0028_001_HE_ - 2011-06-21 03.43.44_002.bmp,1,0.102920786
/home/takagi/data/hcc_data_original/NED_Liv_0047_001_HE_ - 2011-06-21 05.43.37_003.bmp,1,0.0009859678
/home/takagi/data/hcc_data_original/NED_Liv_0056_001_HE_ - 2011-06-16 20.56.22_001.bmp,1,0.011847689
/home/takagi/data/hcc_data_original/NED_Liv_0098_002_HE_ - 2011-06-20 23.02.01_006.bmp,0,0.69899565
/home/takagi/data/hcc_data_original/NED_Liv_0022_001_HE_ - 2011-06-24 18.52.50_006.bmp,0,0.26037827
/home/takagi/data/hcc_data_original/NED_Liv_0130_001_HE - 2011-07-09 12.27.05_006.bmp,0,0.38321647
/home/takagi/data/hcc_data_original/NED_Liv_0054_001_HE_ - 2011-06-16 20.44.34_005.bmp,0,0.9988801
/home/takagi/data/hcc_data_original/NED_Liv_0009_001_HE_ - 2011-06-24 18.28.19_004.bmp,0,0.30768403
/home/takagi/data/hcc_data_original/NED_Liv_0126_001_HE - 2011-07-09 12.04.38_004.bmp,0,0.15359563
/home/takagi/data/hcc_data_original/NED_Liv_0130_001_HE - 2011-07-09 12.27.05_001.bmp,0,0.76926905
/home/takagi/data/hcc_data_original/NED_Liv_0098_001_HE_ - 2011-06-20 22.57.09_006.bmp,0,0.25972655
/home/takagi/data/hcc_data_original/NED_Liv_0126_001_HE - 2011-07-09 12.04.38_007.bmp,0,0.14129616
/home/takagi/data/hcc_data_original/NED_Liv_0127_001_HE - 2011-07-09 12.09.46_002.bmp,0,0.99920577
/home/takagi/data/hcc_data_original/NED_Liv_0009_001_HE_ - 2011-06-24 18.28.19_003.bmp,0,0.019594675
/home/takagi/data/hcc_data_original/NED_Liv_0021_001_HE_ - 2011-06-21 03.10.45_007.bmp,0,0.99178106
/home/takagi/data/hcc_data_original/NED_Liv_0090_001_HE_ - 2011-06-17 01.54.08_007.bmp,0,0.6064733
/home/takagi/data/hcc_data_original/NED_Liv_0054_001_HE_ - 2011-06-16 20.44.34_009.bmp,0,0.99582505
/home/takagi/data/hcc_data_original/NED_Liv_0054_001_HE_ - 2011-06-16 20.44.34_006.bmp,0,0.91319346
/home/takagi/data/hcc_data_original/NED_Liv_0083_001_HE_ - 2011-06-17 00.56.12_007.bmp,0,0.62997484
/home/takagi/data/hcc_data_original/NED_Liv_0041_001_HE_ - 2011-06-21 04.59.02_005.bmp,0,0.99825245
/home/takagi/data/hcc_data_original/NED_Liv_0022_001_HE_ - 2011-06-24 18.52.50_004.bmp,0,0.97878426
/home/takagi/data/hcc_data_original/NED_Liv_0098_002_HE_ - 2011-06-20 23.02.01_005.bmp,0,0.9888821
/home/takagi/data/hcc_data_original/NED_Liv_0009_001_HE_ - 2011-06-24 18.28.19_002.bmp,0,0.0010526648
/home/takagi/data/hcc_data_original/NED_Liv_0127_001_HE - 2011-07-09 12.09.46_006.bmp,0,0.9940069
/home/takagi/data/hcc_data_original/NED_Liv_0130_001_HE - 2011-07-09 12.27.05_007.bmp,0,0.414638
/home/takagi/data/hcc_data_original/NED_Liv_0050_001_HE_ - 2011-06-21 06.05.27_004.bmp,0,0.9778085
/home/takagi/data/hcc_data_original/NED_Liv_0037_001_HE_ - 2011-06-21 04.37.13_006.bmp,0,0.99462306
/home/takagi/data/hcc_data_original/NED_Liv_0061_001_HE_ - 2011-06-16 22.17.08_005.bmp,0,0.11102637
/home/takagi/data/hcc_data_original/NED_Liv_0103_001_HE_ - 2011-06-21 01.13.49_008.bmp,0,0.3869093
/home/takagi/data/hcc_data_original/NED_Liv_0037_001_HE_ - 2011-06-21 04.37.13_007.bmp,0,0.9820343
/home/takagi/data/hcc_data_original/NED_Liv_0009_001_HE_ - 2011-06-24 18.28.19_001.bmp,0,0.007331425
/home/takagi/data/hcc_data_original/NED_Liv_0127_001_HE - 2011-07-09 12.09.46_004.bmp,0,0.23486975
/home/takagi/data/hcc_data_original/NED_Liv_0061_001_HE_ - 2011-06-16 22.17.08_003.bmp,0,0.6125938
/home/takagi/data/hcc_data_original/NED_Liv_0127_001_HE - 2011-07-09 12.09.46_005.bmp,0,0.99175185
/home/takagi/data/hcc_data_original/NED_Liv_0061_001_HE_ - 2011-06-16 22.17.08_004.bmp,0,0.8861918
/home/takagi/data/hcc_data_original/NED_Liv_0127_001_HE - 2011-07-09 12.09.46_001.bmp,0,0.9952578
/home/takagi/data/hcc_data_original/NED_Liv_0044_001_HE_ - 2011-06-21 05.26.46_006.bmp,0,0.18847327
/home/takagi/data/hcc_data_original/NED_Liv_0130_001_HE - 2011-07-09 12.27.05_003.bmp,0,0.99532795
/home/takagi/data/hcc_data_original/NED_Liv_0050_001_HE_ - 2011-06-21 06.05.27_005.bmp,0,0.95822465
/home/takagi/data/hcc_data_original/NED_Liv_0127_001_HE - 2011-07-09 12.09.46_003.bmp,0,0.8101076
/home/takagi/data/hcc_data_original/NED_Liv_0078_001_HE_ - 2011-06-17 00.38.26_008.bmp,0,0.9297708
/home/takagi/data/hcc_data_original/NED_Liv_0044_001_HE_ - 2011-06-21 05.26.46_005.bmp,0,0.99967253
/home/takagi/data/hcc_data_original/NED_Liv_0054_001_HE_ - 2011-06-16 20.44.34_004.bmp,0,0.99578696
/home/takagi/data/hcc_data_original/NED_Liv_0103_001_HE_ - 2011-06-21 01.13.49_009.bmp,0,0.0024338793
/home/takagi/data/hcc_data_original/NED_Liv_0098_001_HE_ - 2011-06-20 22.57.09_007.bmp,0,0.9892896
/home/takagi/data/hcc_data_original/NED_Liv_0126_001_HE - 2011-07-09 12.04.38_003.bmp,0,0.93783617
/home/takagi/data/hcc_data_original/NED_Liv_0037_001_HE_ - 2011-06-21 04.37.13_005.bmp,0,0.37889853
/home/takagi/data/hcc_data_original/NED_Liv_0098_002_HE_ - 2011-06-20 23.02.01_007.bmp,0,0.95078623
/home/takagi/data/hcc_data_original/NED_Liv_0130_001_HE - 2011-07-09 12.27.05_004.bmp,0,0.99706143
/home/takagi/data/hcc_data_original/NED_Liv_0098_002_HE_ - 2011-06-20 23.02.01_004.bmp,0,0.7652883
/home/takagi/data/hcc_data_original/NED_Liv_0058_001_HE_ - 2011-06-16 21.47.45_009.bmp,0,0.9931698
/home/takagi/data/hcc_data_original/NED_Liv_0058_001_HE_ - 2011-06-16 21.47.45_010.bmp,0,0.9896498
/home/takagi/data/hcc_data_original/NED_Liv_0126_001_HE - 2011-07-09 12.04.38_005.bmp,0,0.028738698
/home/takagi/data/hcc_data_original/NED_Liv_0078_001_HE_ - 2011-06-17 00.38.26_007.bmp,0,0.9966959
/home/takagi/data/hcc_data_original/NED_Liv_0130_001_HE - 2011-07-09 12.27.05_005.bmp,0,0.8581379
/home/takagi/data/hcc_data_original/NED_Liv_0090_001_HE_ - 2011-06-17 01.54.08_008.bmp,0,0.33134943
/home/takagi/data/hcc_data_original/NED_Liv_0098_001_HE_ - 2011-06-20 22.57.09_004.bmp,0,0.7098613
/home/takagi/data/hcc_data_original/NED_Liv_0041_001_HE_ - 2011-06-21 04.59.02_006.bmp,0,0.99938345
/home/takagi/data/hcc_data_original/NED_Liv_0021_001_HE_ - 2011-06-21 03.10.45_006.bmp,0,0.998781
/home/takagi/data/hcc_data_original/NED_Liv_0044_001_HE_ - 2011-06-21 05.26.46_008.bmp,0,0.9776683
/home/takagi/data/hcc_data_original/NED_Liv_0041_001_HE_ - 2011-06-21 04.59.02_007.bmp,0,0.9956059
/home/takagi/data/hcc_data_original/NED_Liv_0098_001_HE_ - 2011-06-20 22.57.09_005.bmp,0,0.5596138
/home/takagi/data/hcc_data_original/NED_Liv_0078_001_HE_ - 2011-06-17 00.38.26_005.bmp,0,0.9989403
/home/takagi/data/hcc_data_original/NED_Liv_0083_001_HE_ - 2011-06-17 00.56.12_006.bmp,0,0.9923907
/home/takagi/data/hcc_data_original/NED_Liv_0103_001_HE_ - 2011-06-21 01.13.49_006.bmp,0,0.3672437
/home/takagi/data/hcc_data_original/NED_Liv_0078_001_HE_ - 2011-06-17 00.38.26_006.bmp,0,0.9995079
/home/takagi/data/hcc_data_original/NED_Liv_0126_001_HE - 2011-07-09 12.04.38_006.bmp,0,0.8025376
/home/takagi/data/hcc_data_original/NED_Liv_0007_001_HE_ - 2011-06-24 18.22.20_004.bmp,0,0.3548835
/home/takagi/data/hcc_data_original/NED_Liv_0022_001_HE_ - 2011-06-24 18.52.50_005.bmp,0,0.99517953
/home/takagi/data/hcc_data_original/NED_Liv_0083_001_HE_ - 2011-06-17 00.56.12_008.bmp,0,0.97694165
/home/takagi/data/hcc_data_original/NED_Liv_0103_001_HE_ - 2011-06-21 01.13.49_007.bmp,0,0.8369259
/home/takagi/data/hcc_data_original/NED_Liv_0090_001_HE_ - 2011-06-17 01.54.08_001.bmp,1,0.0011751603
/home/takagi/data/hcc_data_original/NED_Liv_0058_001_HE_ - 2011-06-16 21.47.45_008.bmp,1,0.001848537
/home/takagi/data/hcc_data_original/NED_Liv_0130_001_HE - 2011-07-09 12.27.05_002.bmp,1,0.8743497
/home/takagi/data/hcc_data_original/NED_Liv_0041_001_HE_ - 2011-06-21 04.59.02_002.bmp,1,0.022734059
/home/takagi/data/hcc_data_original/NED_Liv_0022_001_HE_ - 2011-06-24 18.52.50_002.bmp,1,0.00371186
/home/takagi/data/hcc_data_original/NED_Liv_0078_001_HE_ - 2011-06-17 00.38.26_002.bmp,1,0.0066944966
/home/takagi/data/hcc_data_original/NED_Liv_0103_001_HE_ - 2011-06-21 01.13.49_004.bmp,1,0.0048867087
/home/takagi/data/hcc_data_original/NED_Liv_0098_001_HE_ - 2011-06-20 22.57.09_003.bmp,1,0.00094444497
/home/takagi/data/hcc_data_original/NED_Liv_0126_001_HE - 2011-07-09 12.04.38_002.bmp,1,0.015153
/home/takagi/data/hcc_data_original/NED_Liv_0061_001_HE_ - 2011-06-16 22.17.08_001.bmp,1,0.0010773774
/home/takagi/data/hcc_data_original/NED_Liv_0022_001_HE_ - 2011-06-24 18.52.50_001.bmp,1,0.007937274
/home/takagi/data/hcc_data_original/NED_Liv_0083_001_HE_ - 2011-06-17 00.56.12_002.bmp,1,0.0008432857
/home/takagi/data/hcc_data_original/NED_Liv_0050_001_HE_ - 2011-06-21 06.05.27_001.bmp,1,0.03358794
/home/takagi/data/hcc_data_original/NED_Liv_0044_001_HE_ - 2011-06-21 05.26.46_002.bmp,1,0.0032492867
/home/takagi/data/hcc_data_original/NED_Liv_0044_001_HE_ - 2011-06-21 05.26.46_007.bmp,1,0.028272465
/home/takagi/data/hcc_data_original/NED_Liv_0103_001_HE_ - 2011-06-21 01.13.49_005.bmp,1,0.003496402
/home/takagi/data/hcc_data_original/NED_Liv_0037_001_HE_ - 2011-06-21 04.37.13_004.bmp,1,0.0032278267
/home/takagi/data/hcc_data_original/NED_Liv_0090_001_HE_ - 2011-06-17 01.54.08_003.bmp,1,0.0009878516
/home/takagi/data/hcc_data_original/NED_Liv_0078_001_HE_ - 2011-06-17 00.38.26_004.bmp,1,0.012190521
/home/takagi/data/hcc_data_original/NED_Liv_0090_001_HE_ - 2011-06-17 01.54.08_004.bmp,1,0.0022859394
/home/takagi/data/hcc_data_original/NED_Liv_0021_001_HE_ - 2011-06-21 03.10.45_004.bmp,1,0.0026943241
/home/takagi/data/hcc_data_original/NED_Liv_0050_001_HE_ - 2011-06-21 06.05.27_002.bmp,1,0.050507084
/home/takagi/data/hcc_data_original/NED_Liv_0090_001_HE_ - 2011-06-17 01.54.08_005.bmp,1,0.0010515978
/home/takagi/data/hcc_data_original/NED_Liv_0090_001_HE_ - 2011-06-17 01.54.08_006.bmp,1,0.00046596065
/home/takagi/data/hcc_data_original/NED_Liv_0037_001_HE_ - 2011-06-21 04.37.13_002.bmp,1,0.00031954158
/home/takagi/data/hcc_data_original/NED_Liv_0054_001_HE_ - 2011-06-16 20.44.34_007.bmp,1,0.92017996
/home/takagi/data/hcc_data_original/NED_Liv_0058_001_HE_ - 2011-06-16 21.47.45_004.bmp,1,0.0005342142
/home/takagi/data/hcc_data_original/NED_Liv_0098_002_HE_ - 2011-06-20 23.02.01_001.bmp,1,0.0033125025
/home/takagi/data/hcc_data_original/NED_Liv_0041_001_HE_ - 2011-06-21 04.59.02_008.bmp,1,0.0035868168
/home/takagi/data/hcc_data_original/NED_Liv_0061_001_HE_ - 2011-06-16 22.17.08_008.bmp,1,0.008881181
/home/takagi/data/hcc_data_original/NED_Liv_0098_002_HE_ - 2011-06-20 23.02.01_003.bmp,1,0.07160987
/home/takagi/data/hcc_data_original/NED_Liv_0021_001_HE_ - 2011-06-21 03.10.45_003.bmp,1,0.0006122704
/home/takagi/data/hcc_data_original/NED_Liv_0007_001_HE_ - 2011-06-24 18.22.20_003.bmp,1,0.006426452
/home/takagi/data/hcc_data_original/NED_Liv_0061_001_HE_ - 2011-06-16 22.17.08_002.bmp,1,0.009685215
/home/takagi/data/hcc_data_original/NED_Liv_0021_001_HE_ - 2011-06-21 03.10.45_002.bmp,1,0.0001298185
/home/takagi/data/hcc_data_original/NED_Liv_0054_001_HE_ - 2011-06-16 20.44.34_010.bmp,1,0.90465313
/home/takagi/data/hcc_data_original/NED_Liv_0083_001_HE_ - 2011-06-17 00.56.12_004.bmp,1,0.0005860268
/home/takagi/data/hcc_data_original/NED_Liv_0083_001_HE_ - 2011-06-17 00.56.12_003.bmp,1,0.00011991878
/home/takagi/data/hcc_data_original/NED_Liv_0083_001_HE_ - 2011-06-17 00.56.12_005.bmp,1,0.0006900826
/home/takagi/data/hcc_data_original/NED_Liv_0098_002_HE_ - 2011-06-20 23.02.01_002.bmp,1,0.0019371574
/home/takagi/data/hcc_data_original/NED_Liv_0037_001_HE_ - 2011-06-21 04.37.13_003.bmp,1,0.00068333826
/home/takagi/data/hcc_data_original/NED_Liv_0054_001_HE_ - 2011-06-16 20.44.34_003.bmp,1,0.0006726435
/home/takagi/data/hcc_data_original/NED_Liv_0078_001_HE_ - 2011-06-17 00.38.26_001.bmp,1,0.046239868
/home/takagi/data/hcc_data_original/NED_Liv_0058_001_HE_ - 2011-06-16 21.47.45_006.bmp,1,0.0015726186
/home/takagi/data/hcc_data_original/NED_Liv_0126_001_HE - 2011-07-09 12.04.38_001.bmp,1,0.111482896
/home/takagi/data/hcc_data_original/NED_Liv_0058_001_HE_ - 2011-06-16 21.47.45_005.bmp,1,0.00033273242
/home/takagi/data/hcc_data_original/NED_Liv_0090_001_HE_ - 2011-06-17 01.54.08_002.bmp,1,0.05422592
/home/takagi/data/hcc_data_original/NED_Liv_0050_001_HE_ - 2011-06-21 06.05.27_003.bmp,1,0.009327563
/home/takagi/data/hcc_data_original/NED_Liv_0007_001_HE_ - 2011-06-24 18.22.20_002.bmp,1,0.0047435653
/home/takagi/data/hcc_data_original/NED_Liv_0061_001_HE_ - 2011-06-16 22.17.08_006.bmp,1,0.4523702
/home/takagi/data/hcc_data_original/NED_Liv_0098_001_HE_ - 2011-06-20 22.57.09_002.bmp,1,0.00055396796
/home/takagi/data/hcc_data_original/NED_Liv_0054_001_HE_ - 2011-06-16 20.44.34_002.bmp,1,0.17053781
/home/takagi/data/hcc_data_original/NED_Liv_0041_001_HE_ - 2011-06-21 04.59.02_001.bmp,1,0.003366142
/home/takagi/data/hcc_data_original/NED_Liv_0078_001_HE_ - 2011-06-17 00.38.26_003.bmp,1,0.0038787925
/home/takagi/data/hcc_data_original/NED_Liv_0058_001_HE_ - 2011-06-16 21.47.45_003.bmp,1,0.00047905216
/home/takagi/data/hcc_data_original/NED_Liv_0061_001_HE_ - 2011-06-16 22.17.08_007.bmp,1,0.017065573
/home/takagi/data/hcc_data_original/NED_Liv_0103_001_HE_ - 2011-06-21 01.13.49_001.bmp,1,0.0013802645
/home/takagi/data/hcc_data_original/NED_Liv_0054_001_HE_ - 2011-06-16 20.44.34_008.bmp,1,0.80048287
/home/takagi/data/hcc_data_original/NED_Liv_0021_001_HE_ - 2011-06-21 03.10.45_005.bmp,1,0.0013612923
/home/takagi/data/hcc_data_original/NED_Liv_0083_001_HE_ - 2011-06-17 00.56.12_001.bmp,1,0.008831548
/home/takagi/data/hcc_data_original/NED_Liv_0058_001_HE_ - 2011-06-16 21.47.45_007.bmp,1,0.0009237789
/home/takagi/data/hcc_data_original/NED_Liv_0022_001_HE_ - 2011-06-24 18.52.50_003.bmp,1,0.007466016
/home/takagi/data/hcc_data_original/NED_Liv_0044_001_HE_ - 2011-06-21 05.26.46_001.bmp,1,0.00042970706
/home/takagi/data/hcc_data_original/NED_Liv_0007_001_HE_ - 2011-06-24 18.22.20_001.bmp,1,0.0033765163
/home/takagi/data/hcc_data_original/NED_Liv_0021_001_HE_ - 2011-06-21 03.10.45_001.bmp,1,5.0946404e-05
/home/takagi/data/hcc_data_original/NED_Liv_0103_001_HE_ - 2011-06-21 01.13.49_003.bmp,1,0.035218883
/home/takagi/data/hcc_data_original/NED_Liv_0054_001_HE_ - 2011-06-16 20.44.34_001.bmp,1,0.0025393302
/home/takagi/data/hcc_data_original/NED_Liv_0041_001_HE_ - 2011-06-21 04.59.02_003.bmp,1,0.009054986
/home/takagi/data/hcc_data_original/NED_Liv_0103_001_HE_ - 2011-06-21 01.13.49_002.bmp,1,0.0010878971
/home/takagi/data/hcc_data_original/NED_Liv_0044_001_HE_ - 2011-06-21 05.26.46_003.bmp,1,0.0074537476
/home/takagi/data/hcc_data_original/NED_Liv_0041_001_HE_ - 2011-06-21 04.59.02_004.bmp,1,0.012931243
/home/takagi/data/hcc_data_original/NED_Liv_0037_001_HE_ - 2011-06-21 04.37.13_001.bmp,1,0.00089741027
/home/takagi/data/hcc_data_original/NED_Liv_0058_001_HE_ - 2011-06-16 21.47.45_002.bmp,1,0.0001983067
/home/takagi/data/hcc_data_original/NED_Liv_0058_001_HE_ - 2011-06-16 21.47.45_001.bmp,1,0.010780631
/home/takagi/data/hcc_data_original/NED_Liv_0098_001_HE_ - 2011-06-20 22.57.09_001.bmp,1,0.0008955867
